user_id,session_start_dttm,desktop_flag,session_duration_min,purchase_flag,purchase_amount_rub
99202,2024-05-15 00:16:51,0,6,1,295
33955,2024-05-15 00:21:16,0,12,1,228
8044,2024-05-15 00:25:22,0,6,0,0
51796,2024-05-15 00:29:37,0,7,1,281
32830,2024-05-15 01:57:27,0,7,0,0
12603,2024-05-15 02:11:50,0,7,1,411
83298,2024-05-15 02:45:50,0,8,0,0
1010,2024-05-15 02:56:26,0,6,0,0
98399,2024-05-15 03:23:00,0,5,0,0
70314,2024-05-15 03:32:06,1,6,0,0
51666,2024-05-15 03:34:00,0,5,1,313
90194,2024-05-15 03:47:31,0,7,0,0
53473,2024-05-15 03:47:36,0,7,0,0
21919,2024-05-15 04:11:32,0,5,0,0
77029,2024-05-15 04:30:32,1,4,0,0
8769,2024-05-15 04:47:29,1,6,1,407
74796,2024-05-15 04:48:39,0,5,0,0
53915,2024-05-15 05:12:28,0,7,1,445
50395,2024-05-15 05:21:52,0,2,0,0
23629,2024-05-15 05:42:25,0,6,0,0
34431,2024-05-15 06:01:29,1,3,1,464
31156,2024-05-15 06:04:30,1,12,0,0
46541,2024-05-15 06:27:22,0,4,0,0
59460,2024-05-15 07:13:42,0,7,0,0
92777,2024-05-15 07:22:56,0,2,1,394
75454,2024-05-15 07:31:25,1,2,0,0
66101,2024-05-15 07:46:36,0,7,0,0
99825,2024-05-15 07:49:52,1,5,0,0
49561,2024-05-15 08:17:35,1,5,0,0
89509,2024-05-15 08:24:18,0,6,1,348
62181,2024-05-15 08:56:15,1,5,0,0
71437,2024-05-15 09:02:18,0,8,0,0
63446,2024-05-15 09:02:24,0,7,1,268
80700,2024-05-15 09:19:43,0,5,0,0
71895,2024-05-15 09:21:30,1,6,0,0
52156,2024-05-15 09:27:10,0,6,1,434
2894,2024-05-15 09:47:56,0,4,0,0
4366,2024-05-15 09:50:31,0,3,0,0
61745,2024-05-15 10:01:23,1,7,0,0
41082,2024-05-15 10:03:21,0,6,0,0
96712,2024-05-15 10:13:38,0,2,0,0
90706,2024-05-15 10:27:45,1,7,0,0
54698,2024-05-15 10:30:54,0,5,0,0
49070,2024-05-15 10:32:00,0,2,0,0
27318,2024-05-15 10:41:54,0,3,0,0
77238,2024-05-15 10:47:47,0,9,0,0
53304,2024-05-15 10:55:50,1,5,0,0
34431,2024-05-15 11:29:36,0,4,0,0
64450,2024-05-15 11:34:29,1,5,0,0
95022,2024-05-15 11:38:48,1,9,0,0
90194,2024-05-15 11:47:46,0,8,1,380
71747,2024-05-15 11:53:19,0,4,1,448
20395,2024-05-15 11:56:28,0,4,0,0
60166,2024-05-15 12:03:42,0,7,0,0
1979,2024-05-15 12:03:43,0,4,0,0
91405,2024-05-15 12:13:03,1,6,1,170
17637,2024-05-15 12:16:05,1,6,0,0
82234,2024-05-15 12:19:28,0,2,0,0
53915,2024-05-15 12:33:43,1,5,0,0
65306,2024-05-15 12:34:53,0,5,0,0
71895,2024-05-15 12:43:34,0,6,1,185
47203,2024-05-15 12:43:44,0,8,0,0
75296,2024-05-15 12:44:51,0,5,0,0
64450,2024-05-15 12:56:50,0,2,0,0
29831,2024-05-15 13:05:09,1,5,1,297
1768,2024-05-15 13:16:01,0,4,0,0
88013,2024-05-15 13:25:36,0,2,0,0
35671,2024-05-15 13:27:05,1,10,1,187
87064,2024-05-15 13:37:22,0,4,1,494
17328,2024-05-15 13:38:42,1,2,1,689
8135,2024-05-15 13:39:33,0,5,1,419
50615,2024-05-15 14:24:38,0,4,0,0
54205,2024-05-15 14:31:16,0,6,1,607
96079,2024-05-15 14:47:09,0,8,0,0
73793,2024-05-15 14:53:21,0,5,1,287
43133,2024-05-15 15:08:33,0,8,1,365
68395,2024-05-15 15:10:14,1,9,0,0
88610,2024-05-15 15:22:38,0,4,1,291
40072,2024-05-15 15:24:46,1,7,0,0
78231,2024-05-15 15:32:59,1,4,0,0
36191,2024-05-15 15:33:25,0,1,0,0
8135,2024-05-15 15:36:07,1,7,0,0
18481,2024-05-15 15:54:06,0,9,0,0
60316,2024-05-15 15:55:52,0,6,0,0
78592,2024-05-15 15:57:04,0,9,0,0
83,2024-05-15 16:06:39,0,8,0,0
63079,2024-05-15 16:07:51,0,10,0,0
21924,2024-05-15 16:21:48,1,10,0,0
36885,2024-05-15 16:25:21,0,9,0,0
55558,2024-05-15 16:35:59,1,4,1,403
20850,2024-05-15 16:55:33,0,7,0,0
55806,2024-05-15 17:01:42,0,8,0,0
79349,2024-05-15 17:02:08,0,7,0,0
24059,2024-05-15 17:03:20,0,1,1,322
75582,2024-05-15 17:03:20,0,7,1,354
7936,2024-05-15 17:10:08,0,6,0,0
46323,2024-05-15 17:41:12,0,4,1,216
46648,2024-05-15 17:55:33,0,6,0,0
23304,2024-05-15 17:57:32,0,5,0,0
75296,2024-05-15 18:06:35,0,8,1,224
79349,2024-05-15 18:38:20,0,9,0,0
60174,2024-05-15 18:44:32,0,3,1,373
61286,2024-05-15 18:52:46,0,4,1,362
42548,2024-05-15 19:22:49,0,2,1,161
61835,2024-05-15 19:34:42,0,10,1,261
70471,2024-05-15 19:34:46,1,3,0,0
6439,2024-05-15 19:34:50,0,7,1,202
11031,2024-05-15 19:36:34,0,4,1,240
10955,2024-05-15 19:41:22,0,6,0,0
76807,2024-05-15 19:49:43,1,10,0,0
52930,2024-05-15 19:51:55,0,9,0,0
69292,2024-05-15 20:02:43,0,6,0,0
49381,2024-05-15 20:02:49,0,8,1,220
42534,2024-05-15 20:07:34,1,5,1,272
42241,2024-05-15 20:16:32,0,6,0,0
28681,2024-05-15 20:21:31,0,7,1,225
87064,2024-05-15 20:35:14,1,4,0,0
940,2024-05-15 20:43:59,0,7,0,0
59345,2024-05-15 20:47:51,0,7,0,0
8310,2024-05-15 20:50:10,0,5,0,0
11140,2024-05-15 20:52:30,0,9,0,0
85730,2024-05-15 20:58:01,0,5,1,325
56125,2024-05-15 21:12:48,0,3,0,0
68141,2024-05-15 21:16:28,0,2,0,0
82405,2024-05-15 21:22:02,1,4,1,289
88837,2024-05-15 21:22:27,0,4,0,0
38695,2024-05-15 21:33:17,0,4,0,0
75718,2024-05-15 21:47:22,1,4,0,0
54631,2024-05-15 21:50:04,1,7,0,0
31445,2024-05-15 21:56:16,0,10,0,0
13544,2024-05-15 22:13:42,0,6,0,0
64353,2024-05-15 22:15:16,0,5,0,0
63658,2024-05-15 22:17:44,0,3,1,328
40264,2024-05-15 22:23:29,0,6,0,0
52346,2024-05-15 22:38:04,1,8,0,0
8591,2024-05-15 22:40:15,0,5,1,344
84683,2024-05-15 22:45:21,1,4,0,0
13187,2024-05-15 22:54:44,1,6,0,0
49199,2024-05-15 22:55:59,0,8,1,514
76004,2024-05-15 22:58:05,1,10,1,159
35185,2024-05-15 23:08:39,1,8,0,0
1472,2024-05-15 23:12:36,0,8,0,0
9470,2024-05-15 23:14:15,0,7,0,0
65907,2024-05-15 23:16:49,1,7,0,0
44421,2024-05-15 23:16:54,0,3,0,0
71411,2024-05-15 23:17:30,0,2,0,0
76200,2024-05-15 23:25:37,1,12,0,0
91948,2024-05-15 23:27:01,1,3,1,519
17225,2024-05-15 23:29:30,0,5,1,176
37924,2024-05-15 23:38:40,1,6,0,0
29213,2024-05-15 23:54:11,0,5,0,0
82205,2024-05-16 00:07:59,0,4,0,0
98170,2024-05-16 00:24:20,1,4,0,0
56278,2024-05-16 00:32:51,0,6,0,0
53821,2024-05-16 00:32:54,0,9,1,326
50018,2024-05-16 00:38:32,1,9,1,419
94427,2024-05-16 00:46:11,0,9,0,0
64011,2024-05-16 00:47:32,0,9,1,350
65977,2024-05-16 01:08:27,0,5,1,333
3030,2024-05-16 01:09:55,1,5,1,179
46967,2024-05-16 01:58:18,0,4,0,0
94302,2024-05-16 02:15:58,0,4,0,0
33519,2024-05-16 02:24:17,0,8,0,0
46221,2024-05-16 02:32:32,0,8,1,428
5908,2024-05-16 02:33:54,1,5,1,440
36443,2024-05-16 02:52:08,1,3,0,0
71895,2024-05-16 03:45:55,0,4,0,0
89244,2024-05-16 04:05:14,0,3,0,0
55422,2024-05-16 04:30:41,0,4,0,0
54698,2024-05-16 05:02:58,1,7,0,0
62893,2024-05-16 05:14:16,0,3,1,303
8044,2024-05-16 05:20:44,1,8,1,403
17378,2024-05-16 05:26:07,0,4,0,0
30360,2024-05-16 05:31:04,1,5,1,450
39101,2024-05-16 05:33:13,0,6,0,0
20853,2024-05-16 05:36:55,0,7,1,215
53683,2024-05-16 06:05:14,0,5,0,0
2447,2024-05-16 06:56:54,1,3,1,582
98319,2024-05-16 07:07:57,0,7,1,335
67542,2024-05-16 07:09:41,1,7,0,0
6659,2024-05-16 07:42:13,1,7,1,309
37122,2024-05-16 08:00:05,0,5,0,0
23351,2024-05-16 08:14:26,0,3,0,0
14777,2024-05-16 08:48:08,1,4,0,0
92777,2024-05-16 08:48:22,0,5,0,0
85042,2024-05-16 08:53:19,0,4,0,0
50220,2024-05-16 09:07:07,0,3,1,543
17637,2024-05-16 09:11:35,1,8,0,0
53925,2024-05-16 09:18:27,0,7,1,372
13067,2024-05-16 09:23:20,1,6,0,0
72971,2024-05-16 09:24:13,1,5,0,0
23351,2024-05-16 09:33:18,1,8,0,0
25788,2024-05-16 09:45:41,0,9,0,0
76274,2024-05-16 09:58:28,0,6,0,0
55558,2024-05-16 10:15:55,0,8,0,0
22864,2024-05-16 10:31:34,0,6,0,0
22348,2024-05-16 10:33:03,0,2,0,0
44194,2024-05-16 10:43:03,1,4,0,0
67448,2024-05-16 10:47:26,0,2,0,0
12455,2024-05-16 10:53:14,0,10,0,0
69642,2024-05-16 10:55:43,0,6,0,0
8367,2024-05-16 10:57:59,0,8,0,0
6389,2024-05-16 11:01:15,1,8,1,368
25489,2024-05-16 11:07:14,0,6,1,369
71895,2024-05-16 11:09:44,0,7,1,159
14777,2024-05-16 11:14:52,0,8,1,249
16909,2024-05-16 11:40:58,0,7,1,230
17869,2024-05-16 11:45:49,1,6,0,0
92777,2024-05-16 12:10:34,0,7,1,342
43354,2024-05-16 12:21:20,0,4,1,253
90756,2024-05-16 12:36:36,0,7,0,0
55663,2024-05-16 12:45:08,0,4,0,0
78119,2024-05-16 12:48:24,1,8,0,0
90194,2024-05-16 12:55:09,1,5,1,496
40898,2024-05-16 13:02:13,1,2,1,277
35543,2024-05-16 13:07:28,0,8,0,0
23980,2024-05-16 13:12:23,0,6,0,0
11914,2024-05-16 13:17:28,1,5,0,0
95810,2024-05-16 13:36:31,0,5,0,0
52822,2024-05-16 14:03:34,0,10,0,0
43202,2024-05-16 14:12:53,0,3,1,286
24921,2024-05-16 14:41:34,0,4,0,0
38744,2024-05-16 14:57:27,0,4,1,280
44592,2024-05-16 15:33:10,0,6,0,0
96450,2024-05-16 15:42:14,1,1,0,0
36220,2024-05-16 16:11:04,0,8,0,0
43010,2024-05-16 16:16:57,0,4,1,381
60689,2024-05-16 16:26:08,1,4,0,0
11853,2024-05-16 16:29:42,0,1,1,292
46323,2024-05-16 16:31:07,0,7,0,0
22005,2024-05-16 16:35:01,0,4,0,0
36560,2024-05-16 16:37:23,0,6,0,0
64353,2024-05-16 16:57:19,0,5,0,0
78231,2024-05-16 17:01:41,0,4,0,0
85631,2024-05-16 17:07:02,1,4,1,356
50395,2024-05-16 17:07:10,0,5,0,0
18641,2024-05-16 17:15:54,0,4,0,0
91689,2024-05-16 17:25:08,0,6,1,428
24251,2024-05-16 17:28:19,0,9,0,0
88727,2024-05-16 17:33:04,1,8,0,0
59851,2024-05-16 17:36:52,0,6,0,0
6267,2024-05-16 17:58:33,0,9,0,0
22294,2024-05-16 18:09:03,1,7,0,0
38246,2024-05-16 18:27:52,1,7,0,0
97069,2024-05-16 18:32:02,0,3,0,0
24835,2024-05-16 18:33:26,1,5,0,0
72431,2024-05-16 18:54:31,0,8,1,214
62941,2024-05-16 19:04:22,0,3,0,0
97773,2024-05-16 19:12:20,0,1,0,0
74103,2024-05-16 19:17:01,0,14,1,218
70824,2024-05-16 19:41:29,0,5,1,553
59670,2024-05-16 19:41:49,1,7,0,0
18737,2024-05-16 19:51:47,1,4,0,0
32290,2024-05-16 19:57:23,0,4,1,283
13311,2024-05-16 20:11:25,0,9,0,0
90156,2024-05-16 20:25:35,0,7,0,0
37165,2024-05-16 20:27:41,0,7,1,240
92936,2024-05-16 20:30:15,1,1,0,0
27982,2024-05-16 20:37:56,0,5,0,0
80185,2024-05-16 21:08:52,1,8,0,0
11517,2024-05-16 21:15:47,0,5,1,371
34382,2024-05-16 21:17:10,0,9,0,0
29898,2024-05-16 21:21:46,0,4,1,344
50615,2024-05-16 21:26:07,1,7,0,0
1740,2024-05-16 21:30:51,0,7,1,220
78381,2024-05-16 21:38:12,0,4,0,0
80896,2024-05-16 21:47:14,0,4,0,0
70115,2024-05-16 21:49:55,0,5,0,0
8367,2024-05-16 21:52:46,0,4,0,0
93791,2024-05-16 21:58:39,0,7,0,0
46071,2024-05-16 22:09:57,0,12,1,242
3192,2024-05-16 22:10:21,0,5,0,0
9838,2024-05-16 22:22:41,0,5,0,0
2818,2024-05-16 22:32:18,1,9,0,0
88854,2024-05-16 22:42:47,1,5,0,0
92586,2024-05-16 22:45:13,0,10,0,0
68141,2024-05-16 22:49:39,0,5,1,247
53821,2024-05-16 22:56:55,0,9,1,224
3062,2024-05-16 23:00:10,0,9,0,0
21620,2024-05-16 23:15:08,0,8,0,0
59508,2024-05-16 23:16:54,1,6,1,359
71437,2024-05-16 23:17:57,0,4,1,451
95805,2024-05-16 23:24:00,1,5,0,0
34154,2024-05-16 23:35:32,0,5,0,0
90943,2024-05-16 23:42:29,0,8,1,243
86003,2024-05-16 23:43:27,1,6,0,0
34170,2024-05-16 23:51:07,1,5,0,0
69725,2024-05-17 00:18:18,0,6,1,210
73789,2024-05-17 00:28:16,1,5,1,603
35868,2024-05-17 00:47:44,0,3,0,0
32212,2024-05-17 00:52:45,0,9,0,0
68395,2024-05-17 01:23:59,0,5,0,0
6757,2024-05-17 02:21:11,1,4,0,0
50395,2024-05-17 03:00:03,0,9,0,0
12096,2024-05-17 03:21:19,1,6,0,0
30239,2024-05-17 03:23:09,0,16,1,242
24835,2024-05-17 03:23:44,0,6,0,0
43583,2024-05-17 04:03:09,1,6,1,492
75841,2024-05-17 04:09:48,0,10,1,209
14822,2024-05-17 04:25:23,0,1,0,0
17691,2024-05-17 04:39:08,1,5,1,348
84619,2024-05-17 04:44:50,0,6,1,219
1010,2024-05-17 04:49:01,0,5,1,296
53215,2024-05-17 04:59:45,1,8,1,409
61835,2024-05-17 05:35:38,1,4,0,0
36187,2024-05-17 06:06:16,0,5,0,0
6584,2024-05-17 06:09:05,1,3,0,0
84647,2024-05-17 06:15:43,0,3,0,0
3978,2024-05-17 06:17:48,0,9,0,0
33319,2024-05-17 06:22:40,0,6,0,0
9838,2024-05-17 07:25:33,1,6,0,0
61630,2024-05-17 07:31:08,1,2,0,0
22689,2024-05-17 07:32:38,0,10,0,0
40181,2024-05-17 07:52:56,1,4,1,153
56693,2024-05-17 08:00:31,0,2,0,0
65180,2024-05-17 08:06:08,0,3,1,245
49056,2024-05-17 08:06:37,0,9,0,0
76962,2024-05-17 08:40:05,0,4,0,0
61752,2024-05-17 08:41:45,0,2,1,731
57786,2024-05-17 08:45:18,0,5,0,0
61437,2024-05-17 08:54:34,0,9,1,199
40567,2024-05-17 09:28:44,0,9,0,0
88013,2024-05-17 09:30:34,0,5,0,0
73302,2024-05-17 09:30:36,1,6,1,286
55851,2024-05-17 10:05:20,0,5,0,0
47401,2024-05-17 10:24:11,0,5,0,0
36558,2024-05-17 10:26:02,0,7,0,0
43500,2024-05-17 10:38:48,0,4,1,581
59005,2024-05-17 10:43:23,0,5,0,0
6659,2024-05-17 10:48:14,1,2,0,0
74792,2024-05-17 11:03:06,1,9,0,0
63852,2024-05-17 11:03:20,0,7,0,0
62680,2024-05-17 11:09:30,1,4,0,0
42402,2024-05-17 11:10:01,1,6,0,0
52073,2024-05-17 11:18:38,0,9,1,490
84264,2024-05-17 11:20:39,0,1,0,0
83483,2024-05-17 11:23:43,0,7,0,0
92586,2024-05-17 11:24:11,0,6,0,0
8135,2024-05-17 11:29:11,0,5,0,0
94379,2024-05-17 11:34:37,0,8,1,323
50470,2024-05-17 11:43:40,0,8,1,305
30947,2024-05-17 11:50:57,1,7,1,301
25661,2024-05-17 12:03:12,0,4,0,0
51082,2024-05-17 12:18:29,1,4,1,302
17068,2024-05-17 12:21:36,0,6,0,0
7085,2024-05-17 12:42:28,0,6,0,0
40804,2024-05-17 12:52:36,0,4,0,0
77848,2024-05-17 12:56:06,0,6,0,0
3375,2024-05-17 12:56:54,0,8,0,0
87757,2024-05-17 13:08:42,1,5,0,0
79093,2024-05-17 13:12:12,0,6,0,0
57436,2024-05-17 13:16:51,0,4,1,332
77029,2024-05-17 13:38:59,0,6,1,451
46700,2024-05-17 13:43:20,1,4,0,0
31513,2024-05-17 13:45:34,0,7,0,0
65355,2024-05-17 13:48:45,0,10,1,476
53473,2024-05-17 13:58:49,1,5,1,446
65299,2024-05-17 14:02:12,0,12,0,0
24996,2024-05-17 14:04:24,0,5,1,378
9838,2024-05-17 14:07:27,0,1,1,419
71779,2024-05-17 14:13:58,1,5,0,0
81159,2024-05-17 14:16:09,0,10,0,0
94611,2024-05-17 14:21:38,0,5,0,0
28681,2024-05-17 14:26:20,0,6,1,203
50018,2024-05-17 14:29:01,1,8,0,0
88278,2024-05-17 14:30:22,0,5,0,0
74579,2024-05-17 14:31:16,0,4,1,352
36572,2024-05-17 14:35:57,1,3,0,0
79093,2024-05-17 14:54:38,0,6,1,313
97069,2024-05-17 14:59:36,0,5,0,0
33596,2024-05-17 15:00:10,1,4,1,242
54698,2024-05-17 15:02:30,0,7,0,0
57397,2024-05-17 15:14:37,0,2,0,0
19343,2024-05-17 15:15:17,0,8,0,0
75691,2024-05-17 15:25:42,0,7,0,0
90756,2024-05-17 15:34:45,0,6,0,0
75718,2024-05-17 15:36:18,1,4,0,0
92284,2024-05-17 15:36:23,0,6,1,195
80700,2024-05-17 16:09:12,1,5,1,825
6193,2024-05-17 16:23:50,0,8,0,0
82212,2024-05-17 16:30:40,1,7,1,271
67542,2024-05-17 16:34:33,1,3,0,0
52346,2024-05-17 16:36:25,1,3,0,0
52247,2024-05-17 17:01:25,0,2,0,0
88864,2024-05-17 17:21:19,1,4,0,0
17398,2024-05-17 17:24:30,0,5,0,0
35671,2024-05-17 17:32:57,0,4,0,0
8009,2024-05-17 17:44:50,0,6,0,0
29370,2024-05-17 17:54:01,1,7,0,0
40450,2024-05-17 17:57:45,0,4,0,0
59217,2024-05-17 18:02:04,0,5,0,0
62343,2024-05-17 18:10:41,0,5,0,0
73326,2024-05-17 18:19:04,1,4,1,460
89286,2024-05-17 18:33:07,0,6,0,0
20676,2024-05-17 18:38:14,0,5,0,0
33548,2024-05-17 18:38:44,1,7,1,161
74796,2024-05-17 18:44:53,1,10,0,0
45089,2024-05-17 18:50:37,0,5,0,0
50753,2024-05-17 18:56:26,1,4,0,0
67448,2024-05-17 18:59:30,0,4,1,189
74038,2024-05-17 19:04:50,0,9,1,253
20284,2024-05-17 19:29:13,0,5,0,0
69936,2024-05-17 19:31:27,0,5,1,455
13067,2024-05-17 19:36:09,1,5,1,285
88652,2024-05-17 19:52:57,0,4,0,0
47375,2024-05-17 19:54:52,0,4,1,320
32090,2024-05-17 19:56:25,1,8,0,0
92102,2024-05-17 20:00:34,1,9,0,0
79194,2024-05-17 20:05:10,0,3,0,0
70471,2024-05-17 20:10:02,1,7,1,352
61325,2024-05-17 20:21:14,1,9,1,507
63924,2024-05-17 20:32:04,1,12,0,0
33955,2024-05-17 20:37:04,1,8,0,0
54631,2024-05-17 20:37:19,0,5,0,0
20284,2024-05-17 20:41:41,1,5,1,506
17691,2024-05-17 20:45:43,1,4,0,0
95805,2024-05-17 20:53:01,0,9,0,0
80700,2024-05-17 21:08:50,0,3,1,430
53253,2024-05-17 21:20:11,0,3,1,255
18146,2024-05-17 21:26:22,1,9,0,0
50151,2024-05-17 21:27:12,0,8,1,126
53255,2024-05-17 21:28:38,1,3,0,0
69887,2024-05-17 21:34:01,0,11,0,0
3849,2024-05-17 22:00:18,0,5,1,585
55003,2024-05-17 22:18:00,0,7,1,269
12796,2024-05-17 22:38:00,1,5,0,0
85280,2024-05-17 22:40:54,0,4,1,727
63070,2024-05-17 22:47:22,0,6,0,0
49380,2024-05-17 22:57:09,0,12,0,0
2894,2024-05-17 22:58:55,1,8,0,0
25788,2024-05-17 22:59:15,1,7,0,0
53915,2024-05-17 23:01:15,1,7,0,0
91405,2024-05-17 23:02:03,0,2,1,250
31513,2024-05-17 23:06:33,0,11,0,0
74566,2024-05-17 23:06:34,0,9,0,0
7936,2024-05-17 23:10:33,0,4,0,0
6432,2024-05-17 23:16:53,0,12,0,0
54122,2024-05-17 23:18:50,1,8,0,0
54959,2024-05-17 23:19:21,0,8,0,0
65355,2024-05-17 23:40:07,0,1,0,0
92076,2024-05-17 23:49:17,0,3,0,0
70824,2024-05-17 23:55:47,0,7,0,0
86521,2024-05-18 00:31:23,0,2,1,188
49380,2024-05-18 00:41:21,0,2,1,115
74038,2024-05-18 01:21:53,1,8,0,0
49199,2024-05-18 02:03:31,0,6,0,0
55359,2024-05-18 02:31:47,0,5,1,325
11639,2024-05-18 02:32:24,0,8,0,0
76274,2024-05-18 02:47:37,0,10,0,0
82865,2024-05-18 03:49:04,0,10,1,279
27318,2024-05-18 03:52:01,1,5,1,213
47427,2024-05-18 04:08:31,1,4,0,0
940,2024-05-18 04:23:19,0,3,0,0
33873,2024-05-18 05:23:33,1,8,1,273
67542,2024-05-18 05:39:19,1,6,1,391
61752,2024-05-18 05:46:30,0,6,0,0
81012,2024-05-18 05:51:25,0,4,0,0
88864,2024-05-18 07:02:01,0,6,1,376
74796,2024-05-18 07:14:40,0,6,0,0
86521,2024-05-18 07:33:00,1,6,0,0
26257,2024-05-18 08:05:38,0,5,1,487
13503,2024-05-18 08:07:55,0,8,0,0
8238,2024-05-18 08:14:26,1,5,0,0
55714,2024-05-18 08:27:03,0,7,1,208
71856,2024-05-18 08:36:09,0,4,0,0
23389,2024-05-18 08:53:00,0,2,0,0
85280,2024-05-18 09:02:59,1,3,1,437
56278,2024-05-18 09:24:40,0,3,1,295
15139,2024-05-18 09:25:53,0,7,0,0
8194,2024-05-18 09:30:36,0,7,1,439
9470,2024-05-18 09:49:17,0,4,0,0
51796,2024-05-18 09:51:30,0,7,0,0
98319,2024-05-18 09:53:04,0,5,0,0
38695,2024-05-18 09:53:28,0,10,0,0
17497,2024-05-18 10:01:50,0,7,0,0
74103,2024-05-18 10:05:58,0,4,1,825
36560,2024-05-18 10:19:57,1,7,1,360
53366,2024-05-18 10:21:20,0,6,0,0
37051,2024-05-18 10:24:43,0,8,0,0
51082,2024-05-18 10:35:26,0,4,0,0
69352,2024-05-18 10:35:54,1,6,1,193
55041,2024-05-18 10:38:11,0,3,1,300
2616,2024-05-18 10:40:26,0,6,0,0
6061,2024-05-18 10:40:53,1,8,0,0
48031,2024-05-18 10:53:34,1,4,0,0
67852,2024-05-18 10:58:46,0,4,0,0
61630,2024-05-18 11:03:56,0,6,1,418
71365,2024-05-18 11:06:54,0,6,1,252
52129,2024-05-18 11:32:36,0,5,0,0
88789,2024-05-18 11:49:33,1,4,1,290
76004,2024-05-18 12:05:55,0,6,0,0
42548,2024-05-18 12:14:06,0,3,0,0
38133,2024-05-18 12:21:56,1,8,1,197
90756,2024-05-18 12:23:17,0,6,1,296
16909,2024-05-18 12:31:01,0,7,0,0
71117,2024-05-18 12:40:13,0,6,0,0
57290,2024-05-18 12:46:29,1,7,1,642
32290,2024-05-18 12:50:13,1,10,0,0
92586,2024-05-18 13:02:22,0,4,1,356
87877,2024-05-18 13:12:43,0,5,0,0
69887,2024-05-18 13:35:55,1,4,1,188
27540,2024-05-18 13:36:59,1,5,0,0
8194,2024-05-18 13:49:08,0,10,0,0
81231,2024-05-18 13:51:28,1,6,0,0
40403,2024-05-18 13:53:26,0,3,1,376
95258,2024-05-18 13:56:53,0,4,0,0
95258,2024-05-18 14:09:36,0,7,0,0
65907,2024-05-18 14:10:06,0,7,0,0
5491,2024-05-18 14:14:55,1,3,0,0
36541,2024-05-18 14:15:17,0,9,1,353
71596,2024-05-18 14:54:41,0,6,1,336
86003,2024-05-18 15:00:03,0,5,0,0
17072,2024-05-18 15:18:55,0,4,1,177
97069,2024-05-18 15:19:59,1,7,1,224
89244,2024-05-18 15:40:02,0,8,1,262
19562,2024-05-18 16:05:09,0,8,0,0
60190,2024-05-18 16:13:57,1,4,0,0
96306,2024-05-18 16:20:31,1,2,0,0
56278,2024-05-18 16:25:54,1,4,0,0
44143,2024-05-18 16:48:54,0,4,0,0
8009,2024-05-18 17:00:56,0,9,0,0
3062,2024-05-18 17:07:48,0,4,0,0
18593,2024-05-18 17:15:11,1,3,1,265
947,2024-05-18 17:33:09,0,4,1,569
34704,2024-05-18 17:37:28,0,7,0,0
89061,2024-05-18 17:43:12,0,7,0,0
40240,2024-05-18 17:44:24,0,7,0,0
42668,2024-05-18 18:07:55,0,6,0,0
11629,2024-05-18 18:18:13,0,6,1,326
15826,2024-05-18 18:46:31,0,6,0,0
69687,2024-05-18 18:47:08,0,8,0,0
98736,2024-05-18 18:48:19,0,6,0,0
82634,2024-05-18 18:49:57,1,8,1,156
53473,2024-05-18 18:53:18,0,6,0,0
42886,2024-05-18 18:57:32,1,5,0,0
59037,2024-05-18 19:21:04,0,5,0,0
42886,2024-05-18 19:23:40,0,6,0,0
15275,2024-05-18 19:24:54,1,7,0,0
1088,2024-05-18 19:26:13,1,1,0,0
3346,2024-05-18 19:30:35,1,7,0,0
65474,2024-05-18 19:31:37,0,6,0,0
92076,2024-05-18 19:36:08,0,7,0,0
69936,2024-05-18 19:41:54,1,2,0,0
37051,2024-05-18 20:03:08,0,8,0,0
86521,2024-05-18 20:11:05,0,4,1,208
3595,2024-05-18 20:16:17,0,7,0,0
74770,2024-05-18 20:20:04,0,6,1,447
1599,2024-05-18 20:20:05,0,6,0,0
90706,2024-05-18 20:24:45,0,4,0,0
3192,2024-05-18 20:30:36,1,5,0,0
66101,2024-05-18 20:36:36,0,4,1,235
65306,2024-05-18 20:45:33,0,6,0,0
29370,2024-05-18 20:49:14,0,8,1,150
68209,2024-05-18 21:02:27,0,9,1,395
8009,2024-05-18 21:06:02,1,5,0,0
63453,2024-05-18 21:07:12,0,8,1,353
57290,2024-05-18 21:15:01,0,6,0,0
21518,2024-05-18 21:35:19,0,5,0,0
15263,2024-05-18 21:39:35,0,6,0,0
68415,2024-05-18 21:42:29,0,5,1,348
88652,2024-05-18 21:49:09,1,8,0,0
75963,2024-05-18 21:53:14,0,7,1,444
6451,2024-05-18 22:00:04,0,10,1,249
9143,2024-05-18 22:04:01,1,7,1,241
62343,2024-05-18 22:13:21,0,9,1,202
13544,2024-05-18 22:17:22,0,3,0,0
40713,2024-05-18 22:33:54,0,5,0,0
58694,2024-05-18 22:44:27,0,12,0,0
58596,2024-05-18 22:44:37,1,4,1,375
3978,2024-05-18 22:47:55,0,6,1,276
94627,2024-05-18 22:53:31,1,4,0,0
88009,2024-05-18 23:10:21,1,5,1,212
88658,2024-05-18 23:16:50,1,7,0,0
4149,2024-05-18 23:23:45,0,4,1,831
49390,2024-05-18 23:37:17,1,3,0,0
88278,2024-05-18 23:41:20,0,3,1,302
82478,2024-05-18 23:42:16,1,9,0,0
33250,2024-05-18 23:51:56,1,8,0,0
35185,2024-05-18 23:53:11,0,10,0,0
62343,2024-05-19 01:01:05,0,7,1,254
30239,2024-05-19 01:03:01,0,10,0,0
49362,2024-05-19 01:05:07,1,3,1,258
73793,2024-05-19 01:05:56,0,8,1,544
93664,2024-05-19 01:14:40,0,8,1,306
60166,2024-05-19 01:47:30,1,7,1,286
4545,2024-05-19 01:52:46,0,7,0,0
53366,2024-05-19 01:54:31,1,4,1,255
25788,2024-05-19 02:20:09,0,3,0,0
6389,2024-05-19 02:29:13,0,4,0,0
68209,2024-05-19 03:18:59,0,7,0,0
98421,2024-05-19 03:32:55,0,5,0,0
24489,2024-05-19 03:37:19,0,7,1,326
12796,2024-05-19 03:50:28,0,6,1,541
20623,2024-05-19 04:03:49,0,9,0,0
61437,2024-05-19 04:38:01,0,4,0,0
71596,2024-05-19 04:46:43,0,5,1,479
88542,2024-05-19 04:56:54,0,7,0,0
68670,2024-05-19 05:09:57,1,3,0,0
22864,2024-05-19 05:22:34,0,6,0,0
236,2024-05-19 05:38:28,0,6,0,0
43995,2024-05-19 05:39:21,0,3,1,240
73073,2024-05-19 05:52:22,0,6,0,0
16425,2024-05-19 05:57:18,0,6,0,0
27259,2024-05-19 06:03:21,0,7,1,238
72446,2024-05-19 06:03:39,1,7,0,0
52346,2024-05-19 06:32:43,0,9,1,189
99484,2024-05-19 06:45:03,1,8,0,0
49380,2024-05-19 07:00:44,1,2,0,0
95805,2024-05-19 07:45:19,0,8,1,227
46648,2024-05-19 08:01:37,1,3,1,301
61835,2024-05-19 08:01:52,0,7,0,0
88540,2024-05-19 08:16:53,0,6,0,0
30223,2024-05-19 08:35:18,1,4,0,0
50821,2024-05-19 08:46:53,0,7,0,0
43500,2024-05-19 08:53:35,1,4,0,0
79797,2024-05-19 08:56:13,1,4,0,0
3396,2024-05-19 08:59:16,0,2,0,0
58556,2024-05-19 09:10:19,0,6,1,816
49561,2024-05-19 09:11:49,0,5,0,0
18641,2024-05-19 09:17:01,1,7,0,0
98314,2024-05-19 09:29:12,1,4,1,311
18593,2024-05-19 09:42:28,0,5,1,228
68804,2024-05-19 09:50:09,0,5,1,362
10166,2024-05-19 09:51:38,0,7,0,0
71817,2024-05-19 10:17:59,1,3,0,0
65998,2024-05-19 10:23:27,0,8,0,0
93791,2024-05-19 10:36:38,0,3,1,264
61835,2024-05-19 10:43:24,0,4,0,0
78431,2024-05-19 10:47:57,0,8,0,0
7756,2024-05-19 11:08:28,0,9,0,0
41882,2024-05-19 11:21:57,0,6,0,0
61325,2024-05-19 11:22:09,0,5,1,582
82205,2024-05-19 11:23:35,0,7,0,0
58610,2024-05-19 11:28:29,0,1,1,276
4663,2024-05-19 11:31:04,0,3,0,0
98319,2024-05-19 11:34:53,0,5,1,302
10271,2024-05-19 12:08:31,1,13,0,0
19648,2024-05-19 12:09:04,0,3,0,0
85379,2024-05-19 12:35:12,0,8,1,181
92102,2024-05-19 12:58:04,1,3,0,0
69936,2024-05-19 13:23:58,0,5,0,0
74046,2024-05-19 13:26:05,1,10,0,0
18641,2024-05-19 13:31:12,0,2,0,0
87145,2024-05-19 13:31:17,0,8,0,0
36443,2024-05-19 13:37:27,0,6,0,0
79895,2024-05-19 13:43:09,0,5,0,0
84647,2024-05-19 13:47:13,0,6,1,381
82205,2024-05-19 13:55:29,0,6,0,0
24996,2024-05-19 14:02:34,0,2,1,435
36072,2024-05-19 14:05:53,0,3,1,430
17378,2024-05-19 14:06:30,1,4,1,235
13187,2024-05-19 14:35:40,0,8,0,0
69521,2024-05-19 14:43:24,0,7,0,0
53366,2024-05-19 14:44:08,1,5,1,383
23629,2024-05-19 14:44:35,0,11,1,275
45074,2024-05-19 14:45:35,0,7,1,157
98399,2024-05-19 14:51:12,0,4,1,230
98256,2024-05-19 15:15:55,0,11,1,344
97309,2024-05-19 15:24:44,1,5,1,377
55359,2024-05-19 15:30:30,0,4,1,554
23695,2024-05-19 15:31:14,0,6,0,0
8591,2024-05-19 15:34:22,0,12,1,682
6193,2024-05-19 15:53:52,1,7,0,0
40211,2024-05-19 16:03:08,0,4,1,351
71895,2024-05-19 16:09:28,0,9,0,0
88540,2024-05-19 16:11:53,1,3,1,188
42668,2024-05-19 16:25:30,0,4,1,405
78592,2024-05-19 16:42:31,0,4,1,232
87458,2024-05-19 16:49:43,1,10,1,348
73326,2024-05-19 16:56:50,0,9,1,190
77150,2024-05-19 17:12:03,0,8,0,0
68299,2024-05-19 17:17:01,0,2,0,0
90156,2024-05-19 17:18:18,1,6,0,0
90915,2024-05-19 17:57:33,1,5,1,527
42971,2024-05-19 18:01:03,0,4,0,0
8310,2024-05-19 18:04:41,1,4,1,315
49147,2024-05-19 18:04:42,0,4,1,212
41287,2024-05-19 18:09:24,0,5,0,0
51082,2024-05-19 18:15:57,0,5,0,0
59670,2024-05-19 18:22:40,0,5,1,227
91723,2024-05-19 18:26:22,0,4,1,427
42017,2024-05-19 18:29:27,0,3,0,0
22005,2024-05-19 18:41:22,0,7,0,0
94797,2024-05-19 18:53:14,0,4,1,435
16855,2024-05-19 19:10:28,0,3,1,197
33250,2024-05-19 19:19:00,1,8,1,495
6061,2024-05-19 19:27:44,0,6,1,262
24422,2024-05-19 19:28:01,0,6,0,0
85339,2024-05-19 19:29:02,1,6,0,0
95258,2024-05-19 19:31:25,0,5,0,0
73326,2024-05-19 19:33:54,0,6,0,0
79194,2024-05-19 19:47:35,1,8,1,252
11606,2024-05-19 19:51:32,0,6,0,0
84471,2024-05-19 19:51:51,0,4,0,0
93759,2024-05-19 20:02:50,0,4,0,0
10847,2024-05-19 20:05:14,0,5,0,0
15331,2024-05-19 20:05:54,0,11,0,0
47203,2024-05-19 20:09:09,0,6,0,0
85631,2024-05-19 20:22:43,0,5,1,267
8194,2024-05-19 20:27:33,0,5,0,0
4343,2024-05-19 20:45:16,1,8,0,0
8591,2024-05-19 21:03:46,0,13,0,0
80182,2024-05-19 21:27:26,0,10,1,414
36072,2024-05-19 21:32:38,0,7,1,349
5458,2024-05-19 21:47:44,0,6,0,0
4663,2024-05-19 21:50:35,1,11,0,0
24059,2024-05-19 21:56:31,1,6,1,192
67648,2024-05-19 21:57:02,0,10,0,0
7085,2024-05-19 22:02:26,0,4,0,0
49070,2024-05-19 22:05:11,0,7,0,0
53919,2024-05-19 22:13:50,0,4,0,0
31156,2024-05-19 22:22:32,1,6,0,0
99218,2024-05-19 22:22:32,0,9,0,0
55422,2024-05-19 22:25:50,0,8,0,0
22592,2024-05-19 22:32:27,0,9,1,405
58322,2024-05-19 22:37:31,1,6,0,0
50615,2024-05-19 22:38:00,0,7,0,0
83214,2024-05-19 22:55:19,0,9,0,0
37869,2024-05-19 23:08:25,0,8,1,584
61355,2024-05-19 23:15:26,0,6,0,0
6659,2024-05-19 23:21:16,0,5,1,197
65362,2024-05-19 23:27:56,0,6,0,0
56150,2024-05-19 23:35:21,0,6,1,563
33955,2024-05-20 00:12:20,0,4,0,0
24835,2024-05-20 00:23:55,0,2,0,0
22173,2024-05-20 00:31:47,0,4,0,0
49471,2024-05-20 00:44:53,0,3,1,227
81672,2024-05-20 00:59:17,0,6,1,386
9821,2024-05-20 01:22:05,1,11,0,0
13067,2024-05-20 02:08:08,1,1,0,0
22790,2024-05-20 02:13:59,0,4,0,0
27775,2024-05-20 02:36:57,0,5,0,0
41287,2024-05-20 02:41:01,0,6,0,0
64038,2024-05-20 03:00:31,0,6,0,0
7720,2024-05-20 03:53:46,1,6,0,0
92698,2024-05-20 03:55:16,0,7,1,427
89604,2024-05-20 04:30:56,1,4,0,0
98421,2024-05-20 04:36:30,0,2,0,0
918,2024-05-20 04:48:45,1,9,1,246
22790,2024-05-20 05:22:40,1,6,0,0
52012,2024-05-20 05:30:02,0,2,0,0
40713,2024-05-20 05:30:31,0,7,1,607
66599,2024-05-20 06:20:25,0,6,0,0
47564,2024-05-20 06:21:48,0,9,1,536
40780,2024-05-20 07:28:01,0,5,1,244
35804,2024-05-20 08:01:01,0,5,1,205
90943,2024-05-20 08:10:36,1,10,0,0
92038,2024-05-20 08:13:40,0,8,1,436
42402,2024-05-20 08:13:51,0,7,1,235
38640,2024-05-20 08:16:22,0,2,0,0
38744,2024-05-20 08:16:45,0,2,0,0
55558,2024-05-20 08:18:16,1,6,1,410
6050,2024-05-20 08:23:31,0,9,1,336
31426,2024-05-20 08:30:47,0,8,0,0
94619,2024-05-20 08:40:44,0,3,0,0
93203,2024-05-20 08:57:21,0,5,0,0
30770,2024-05-20 09:11:34,0,8,0,0
52012,2024-05-20 09:12:08,1,7,0,0
69936,2024-05-20 09:20:14,0,6,0,0
40181,2024-05-20 09:28:30,0,11,0,0
25489,2024-05-20 09:33:47,1,7,1,242
81940,2024-05-20 09:40:51,0,7,1,199
46873,2024-05-20 09:54:04,0,5,0,0
88837,2024-05-20 09:56:22,0,4,0,0
58694,2024-05-20 10:00:36,1,7,0,0
15135,2024-05-20 10:01:09,0,5,0,0
38184,2024-05-20 10:13:58,1,5,0,0
4663,2024-05-20 10:16:07,0,4,1,327
90194,2024-05-20 10:17:00,0,5,1,421
42668,2024-05-20 10:17:28,0,7,0,0
42241,2024-05-20 10:33:30,0,3,0,0
97773,2024-05-20 10:44:51,0,4,0,0
60144,2024-05-20 10:49:16,1,6,0,0
85827,2024-05-20 10:53:18,0,7,0,0
92284,2024-05-20 11:05:22,0,3,0,0
72134,2024-05-20 11:24:03,0,5,1,499
95022,2024-05-20 11:26:59,0,0,0,0
67542,2024-05-20 11:41:45,1,4,1,288
49380,2024-05-20 11:47:04,0,4,1,274
54347,2024-05-20 11:55:33,0,6,0,0
81179,2024-05-20 12:50:59,0,10,1,429
5015,2024-05-20 12:55:50,1,3,0,0
68292,2024-05-20 13:03:59,0,7,0,0
52893,2024-05-20 13:04:31,0,4,1,315
68141,2024-05-20 13:05:08,0,5,1,467
51402,2024-05-20 13:11:24,0,5,0,0
81231,2024-05-20 13:21:28,0,4,0,0
78231,2024-05-20 13:24:21,1,7,0,0
1472,2024-05-20 13:38:37,0,11,0,0
3978,2024-05-20 13:45:13,0,7,0,0
1010,2024-05-20 13:50:27,1,5,0,0
60465,2024-05-20 14:17:42,0,4,0,0
7233,2024-05-20 14:19:53,0,4,1,294
71895,2024-05-20 14:32:48,1,8,0,0
964,2024-05-20 14:35:30,0,9,0,0
49199,2024-05-20 14:36:54,0,6,0,0
5015,2024-05-20 14:44:47,0,5,0,0
46071,2024-05-20 14:50:20,1,5,1,234
74046,2024-05-20 14:52:12,0,6,0,0
94379,2024-05-20 14:55:06,1,8,0,0
46967,2024-05-20 14:55:10,1,10,1,486
21698,2024-05-20 15:01:38,0,6,0,0
94286,2024-05-20 15:03:07,0,5,0,0
4343,2024-05-20 15:06:06,0,5,0,0
19412,2024-05-20 15:06:41,0,3,0,0
9143,2024-05-20 15:13:58,0,5,1,661
1890,2024-05-20 15:16:55,1,8,0,0
808,2024-05-20 15:22:00,1,5,0,0
85339,2024-05-20 15:34:31,1,5,0,0
18658,2024-05-20 15:46:59,0,4,0,0
15139,2024-05-20 16:18:17,0,6,0,0
85379,2024-05-20 16:18:56,0,3,0,0
24059,2024-05-20 16:22:37,0,7,1,273
964,2024-05-20 16:28:48,1,9,0,0
46074,2024-05-20 16:34:17,0,10,0,0
95810,2024-05-20 16:35:29,0,8,0,0
91486,2024-05-20 16:41:52,1,4,0,0
85730,2024-05-20 16:43:01,1,5,1,160
50615,2024-05-20 16:45:38,0,8,0,0
55670,2024-05-20 16:52:38,0,4,0,0
68748,2024-05-20 16:58:21,0,5,0,0
53304,2024-05-20 16:58:41,0,9,0,0
21919,2024-05-20 17:01:07,0,5,1,217
18146,2024-05-20 17:06:41,0,4,0,0
66658,2024-05-20 17:34:29,1,6,1,328
32830,2024-05-20 17:37:16,0,5,1,156
67894,2024-05-20 17:37:58,1,6,0,0
76414,2024-05-20 17:51:27,0,5,1,446
44701,2024-05-20 18:41:46,0,2,0,0
58322,2024-05-20 18:46:41,0,7,1,604
52247,2024-05-20 18:52:28,0,2,1,346
56756,2024-05-20 18:53:49,1,3,0,0
27563,2024-05-20 19:28:59,1,5,0,0
38133,2024-05-20 20:11:44,1,7,1,381
73036,2024-05-20 20:18:25,0,8,0,0
12603,2024-05-20 20:34:58,0,6,0,0
23695,2024-05-20 20:35:25,1,6,1,442
940,2024-05-20 20:38:40,0,5,1,351
29081,2024-05-20 20:38:49,1,5,0,0
46802,2024-05-20 20:52:29,0,4,1,170
54347,2024-05-20 21:10:44,0,6,0,0
88658,2024-05-20 21:12:35,0,7,1,306
89061,2024-05-20 21:15:18,1,7,0,0
94427,2024-05-20 21:27:38,0,8,0,0
8194,2024-05-20 21:32:49,0,7,0,0
53780,2024-05-20 21:40:29,0,5,0,0
13325,2024-05-20 21:43:38,0,4,0,0
14905,2024-05-20 21:46:03,1,8,1,536
79540,2024-05-20 21:53:31,1,6,1,182
3192,2024-05-20 22:07:59,0,4,1,274
35834,2024-05-20 22:11:40,0,9,0,0
42886,2024-05-20 22:26:56,0,5,0,0
12096,2024-05-20 22:27:50,1,2,1,377
8520,2024-05-20 22:32:19,0,6,0,0
46074,2024-05-20 22:35:07,0,4,0,0
80700,2024-05-20 22:46:00,0,9,0,0
60166,2024-05-20 22:57:33,0,1,0,0
38542,2024-05-20 22:59:25,0,6,0,0
65868,2024-05-20 23:12:12,0,6,0,0
38184,2024-05-20 23:15:09,0,5,1,187
13738,2024-05-20 23:31:02,0,7,1,396
90156,2024-05-20 23:39:02,0,6,0,0
12291,2024-05-21 00:17:19,1,6,0,0
21698,2024-05-21 00:53:51,0,6,0,0
53947,2024-05-21 01:05:50,1,2,1,419
82212,2024-05-21 01:12:53,0,7,0,0
8903,2024-05-21 01:41:04,0,9,0,0
32375,2024-05-21 02:03:34,0,6,0,0
56397,2024-05-21 02:25:51,1,3,1,407
46841,2024-05-21 02:47:30,0,6,1,142
42548,2024-05-21 03:11:30,1,15,0,0
14777,2024-05-21 03:19:56,1,8,0,0
79943,2024-05-21 03:21:57,0,11,1,443
15574,2024-05-21 03:42:17,0,2,1,227
6584,2024-05-21 03:45:43,0,15,0,0
90756,2024-05-21 03:53:10,0,6,1,317
40289,2024-05-21 03:57:09,1,9,1,338
58690,2024-05-21 04:22:39,1,5,0,0
55256,2024-05-21 04:48:55,0,2,0,0
7739,2024-05-21 05:00:45,0,3,0,0
39107,2024-05-21 05:10:01,0,4,0,0
51112,2024-05-21 05:35:35,0,7,0,0
91405,2024-05-21 05:38:50,1,5,0,0
17328,2024-05-21 05:40:00,0,7,0,0
68299,2024-05-21 05:47:46,1,6,0,0
39150,2024-05-21 06:11:14,0,2,1,328
10955,2024-05-21 06:21:42,0,4,1,810
48399,2024-05-21 06:22:43,0,5,0,0
70923,2024-05-21 06:35:16,0,2,0,0
76004,2024-05-21 06:36:12,0,8,1,234
11606,2024-05-21 06:39:15,1,8,0,0
8591,2024-05-21 07:00:50,1,5,0,0
55256,2024-05-21 07:22:49,0,3,1,248
48604,2024-05-21 07:29:43,0,4,0,0
1379,2024-05-21 07:41:45,0,4,0,0
22442,2024-05-21 08:14:39,0,8,0,0
42402,2024-05-21 08:35:23,1,7,1,310
19648,2024-05-21 08:51:02,0,5,0,0
94611,2024-05-21 08:51:19,1,8,0,0
17497,2024-05-21 08:53:13,0,6,0,0
39496,2024-05-21 08:56:32,1,7,0,0
83203,2024-05-21 09:23:23,0,5,1,389
89286,2024-05-21 09:24:40,1,9,0,0
83298,2024-05-21 09:28:27,1,5,0,0
21933,2024-05-21 09:44:32,1,8,1,283
5820,2024-05-21 09:48:20,0,6,0,0
17328,2024-05-21 09:49:07,1,5,0,0
22005,2024-05-21 09:51:30,1,5,0,0
24096,2024-05-21 09:55:05,0,7,0,0
55359,2024-05-21 09:57:35,1,5,0,0
8339,2024-05-21 09:58:40,0,5,0,0
38118,2024-05-21 10:08:29,0,8,0,0
69966,2024-05-21 10:20:28,0,6,0,0
59460,2024-05-21 10:22:17,0,5,0,0
68712,2024-05-21 10:23:34,1,10,0,0
22442,2024-05-21 10:30:36,0,6,0,0
74792,2024-05-21 10:37:43,1,6,0,0
38640,2024-05-21 10:55:46,0,6,1,454
1890,2024-05-21 11:05:40,1,6,0,0
82212,2024-05-21 11:19:38,0,7,0,0
2373,2024-05-21 11:41:22,0,7,0,0
36191,2024-05-21 11:58:29,1,8,0,0
54631,2024-05-21 11:59:20,0,5,1,405
46226,2024-05-21 12:03:11,1,5,1,204
54347,2024-05-21 12:04:21,0,5,0,0
87485,2024-05-21 12:04:30,0,11,0,0
71149,2024-05-21 12:38:04,0,4,0,0
40072,2024-05-21 12:45:51,0,7,0,0
69966,2024-05-21 13:12:20,0,9,0,0
84154,2024-05-21 13:12:38,0,8,0,0
3327,2024-05-21 13:26:51,0,6,0,0
12454,2024-05-21 13:28:17,0,13,0,0
68141,2024-05-21 13:33:00,1,12,1,316
84471,2024-05-21 14:01:03,1,4,0,0
69966,2024-05-21 14:02:06,0,4,0,0
13067,2024-05-21 14:02:52,1,5,0,0
26492,2024-05-21 14:20:59,0,6,1,295
42668,2024-05-21 14:44:56,1,6,1,241
61286,2024-05-21 14:54:13,0,4,0,0
24422,2024-05-21 15:06:07,1,5,0,0
80700,2024-05-21 15:06:50,1,5,0,0
24422,2024-05-21 15:11:55,0,6,1,285
31675,2024-05-21 15:14:24,1,7,1,376
46323,2024-05-21 15:19:48,0,3,0,0
88013,2024-05-21 15:22:47,1,5,0,0
52769,2024-05-21 15:39:35,1,6,1,347
8903,2024-05-21 15:57:11,0,11,1,495
27422,2024-05-21 16:03:44,0,8,0,0
48258,2024-05-21 16:08:55,0,4,1,288
16552,2024-05-21 16:14:33,1,5,1,423
65830,2024-05-21 16:16:40,0,5,1,334
28897,2024-05-21 16:22:53,0,7,0,0
92936,2024-05-21 16:25:19,0,8,0,0
85234,2024-05-21 16:28:06,0,6,0,0
18251,2024-05-21 16:39:23,0,5,0,0
79797,2024-05-21 16:40:51,0,1,0,0
88540,2024-05-21 16:48:56,0,3,0,0
1963,2024-05-21 17:00:54,1,6,1,256
66354,2024-05-21 17:02:13,1,6,0,0
41882,2024-05-21 17:08:58,0,7,1,182
4545,2024-05-21 17:14:16,0,9,0,0
61932,2024-05-21 17:14:33,0,10,1,741
64011,2024-05-21 17:21:20,1,11,0,0
44303,2024-05-21 17:27:18,0,9,0,0
23849,2024-05-21 17:30:00,0,2,1,527
37603,2024-05-21 17:34:30,1,9,0,0
4961,2024-05-21 18:07:51,0,5,1,428
25489,2024-05-21 18:08:43,1,5,0,0
23354,2024-05-21 18:12:27,0,4,0,0
24921,2024-05-21 18:25:00,0,5,0,0
51082,2024-05-21 18:40:52,0,7,1,199
5820,2024-05-21 18:43:37,1,1,1,270
67852,2024-05-21 18:48:47,0,3,0,0
90756,2024-05-21 18:54:26,0,8,0,0
93664,2024-05-21 19:10:18,0,5,0,0
5520,2024-05-21 19:11:52,0,8,0,0
81499,2024-05-21 19:13:19,0,2,0,0
1472,2024-05-21 20:11:40,0,11,0,0
12603,2024-05-21 20:19:08,0,6,0,0
61862,2024-05-21 20:20:56,0,9,0,0
40567,2024-05-21 20:21:27,1,7,1,269
56756,2024-05-21 20:26:59,0,3,1,519
96298,2024-05-21 20:32:01,0,9,0,0
20609,2024-05-21 20:32:59,0,2,0,0
11606,2024-05-21 20:33:45,0,6,0,0
96450,2024-05-21 20:34:54,0,9,1,356
90915,2024-05-21 20:37:17,0,7,0,0
75454,2024-05-21 20:41:19,0,3,1,405
12004,2024-05-21 20:51:09,0,9,0,0
19020,2024-05-21 20:57:57,1,5,1,358
79797,2024-05-21 21:23:50,0,4,0,0
69292,2024-05-21 21:24:47,1,8,0,0
90965,2024-05-21 21:29:12,0,5,0,0
76933,2024-05-21 21:29:20,0,7,1,362
59993,2024-05-21 21:37:12,0,6,0,0
8885,2024-05-21 21:41:08,0,9,0,0
55256,2024-05-21 21:51:17,0,3,1,395
20676,2024-05-21 22:01:38,0,5,0,0
48258,2024-05-21 22:19:41,0,7,1,241
17378,2024-05-21 22:48:24,1,11,0,0
86003,2024-05-21 23:15:59,0,5,0,0
59851,2024-05-21 23:29:26,0,5,0,0
15135,2024-05-21 23:41:26,0,7,0,0
81345,2024-05-21 23:41:36,0,4,1,372
77869,2024-05-21 23:45:22,0,8,0,0
91486,2024-05-21 23:47:28,0,7,0,0
9470,2024-05-21 23:48:34,1,8,0,0
61355,2024-05-21 23:55:53,1,3,1,252
23354,2024-05-21 23:56:38,0,2,0,0
81288,2024-05-22 00:06:05,0,4,1,358
6061,2024-05-22 00:06:51,0,4,0,0
89286,2024-05-22 00:17:07,0,8,0,0
3192,2024-05-22 00:39:21,1,9,0,0
47564,2024-05-22 00:44:45,0,6,0,0
34740,2024-05-22 01:05:42,0,3,1,410
23980,2024-05-22 01:21:07,1,8,0,0
39677,2024-05-22 01:22:32,0,6,0,0
59851,2024-05-22 01:25:02,0,7,0,0
3978,2024-05-22 01:26:01,0,6,1,325
94502,2024-05-22 01:56:31,0,11,0,0
73326,2024-05-22 01:59:50,0,7,0,0
37155,2024-05-22 02:02:11,0,5,0,0
12603,2024-05-22 02:32:53,1,4,1,566
22294,2024-05-22 02:33:34,1,4,0,0
94427,2024-05-22 02:43:07,1,5,0,0
43133,2024-05-22 03:07:39,0,7,0,0
50907,2024-05-22 03:34:55,1,8,0,0
74796,2024-05-22 04:00:27,0,3,0,0
37377,2024-05-22 04:10:01,0,3,1,637
34431,2024-05-22 04:11:46,0,7,0,0
73302,2024-05-22 04:12:35,0,9,1,473
1154,2024-05-22 04:31:42,1,9,1,276
28681,2024-05-22 04:33:38,1,6,0,0
41631,2024-05-22 04:56:52,1,8,0,0
55714,2024-05-22 05:41:10,1,8,0,0
78431,2024-05-22 05:48:29,0,5,0,0
55422,2024-05-22 05:50:59,0,3,0,0
8044,2024-05-22 06:08:09,0,3,1,458
92248,2024-05-22 06:08:41,1,4,0,0
31611,2024-05-22 06:10:48,0,5,0,0
65474,2024-05-22 06:28:11,0,4,0,0
25788,2024-05-22 06:28:12,0,5,0,0
50151,2024-05-22 06:40:20,0,3,1,240
38750,2024-05-22 06:46:42,1,8,0,0
88540,2024-05-22 06:47:32,1,5,1,322
54835,2024-05-22 06:59:51,1,7,0,0
15135,2024-05-22 07:03:46,0,7,1,408
3595,2024-05-22 07:07:22,0,9,0,0
73302,2024-05-22 07:41:20,0,6,0,0
69352,2024-05-22 07:51:40,0,6,0,0
2359,2024-05-22 08:07:12,1,5,1,242
30947,2024-05-22 08:23:44,1,8,0,0
70824,2024-05-22 08:30:19,0,4,0,0
69778,2024-05-22 08:50:05,0,6,1,329
24096,2024-05-22 08:51:25,0,6,0,0
95258,2024-05-22 08:52:17,1,3,1,211
38246,2024-05-22 09:10:02,0,5,0,0
30423,2024-05-22 09:19:53,1,5,0,0
6050,2024-05-22 09:21:33,1,6,0,0
63836,2024-05-22 09:26:32,0,5,0,0
31675,2024-05-22 09:26:38,0,10,0,0
49561,2024-05-22 09:27:31,1,6,0,0
42402,2024-05-22 09:42:20,0,6,1,267
50195,2024-05-22 09:46:33,0,10,1,153
15826,2024-05-22 09:53:44,0,5,0,0
48604,2024-05-22 10:00:39,0,3,1,214
44701,2024-05-22 10:15:47,0,5,0,0
49147,2024-05-22 10:18:54,1,4,0,0
18593,2024-05-22 10:31:06,0,4,0,0
57066,2024-05-22 10:41:38,1,5,0,0
96693,2024-05-22 10:48:33,1,8,0,0
41631,2024-05-22 10:50:30,0,4,1,442
55952,2024-05-22 10:55:20,1,7,0,0
45103,2024-05-22 11:09:44,0,5,1,547
5763,2024-05-22 11:17:27,0,5,1,368
8367,2024-05-22 11:18:04,0,7,1,279
8885,2024-05-22 11:27:49,1,8,0,0
37612,2024-05-22 11:30:49,0,6,1,240
15263,2024-05-22 11:33:17,0,5,0,0
61355,2024-05-22 11:38:01,0,7,0,0
58329,2024-05-22 11:40:56,0,7,0,0
32444,2024-05-22 11:42:31,0,6,1,589
77954,2024-05-22 11:45:28,0,6,0,0
90194,2024-05-22 11:52:19,1,3,1,176
74143,2024-05-22 11:57:27,1,5,1,688
17424,2024-05-22 12:01:46,1,3,1,166
11914,2024-05-22 12:36:09,1,4,0,0
65907,2024-05-22 12:51:20,0,7,1,268
76200,2024-05-22 12:55:25,0,3,0,0
35872,2024-05-22 13:13:17,1,3,0,0
2616,2024-05-22 13:56:35,0,3,0,0
42971,2024-05-22 14:11:18,0,6,0,0
21698,2024-05-22 14:20:06,0,8,0,0
26492,2024-05-22 14:40:18,0,3,0,0
20676,2024-05-22 14:41:52,1,7,0,0
99825,2024-05-22 14:43:40,0,6,0,0
85234,2024-05-22 14:46:17,0,5,0,0
59508,2024-05-22 14:53:16,0,4,1,323
76807,2024-05-22 14:57:37,0,3,0,0
85042,2024-05-22 15:01:53,0,11,0,0
89061,2024-05-22 15:02:05,0,6,0,0
1890,2024-05-22 15:11:39,0,6,0,0
4663,2024-05-22 15:16:33,1,7,0,0
86618,2024-05-22 15:16:51,0,3,0,0
4545,2024-05-22 15:25:34,1,4,0,0
88273,2024-05-22 15:33:05,1,7,0,0
89286,2024-05-22 15:48:16,0,3,0,0
28112,2024-05-22 15:50:53,0,8,0,0
25661,2024-05-22 15:52:59,0,3,0,0
46957,2024-05-22 16:09:21,0,8,0,0
31611,2024-05-22 16:09:56,0,6,1,446
37869,2024-05-22 16:36:29,0,3,1,322
55256,2024-05-22 16:40:08,0,3,0,0
13503,2024-05-22 16:52:27,0,4,1,377
95805,2024-05-22 17:21:31,1,9,1,423
58509,2024-05-22 17:33:14,0,4,1,224
56031,2024-05-22 17:33:58,0,8,0,0
82405,2024-05-22 17:34:26,0,10,0,0
57082,2024-05-22 17:34:44,0,5,0,0
37632,2024-05-22 17:39:30,0,10,1,317
9838,2024-05-22 17:46:11,0,6,0,0
63453,2024-05-22 17:53:05,0,8,0,0
26754,2024-05-22 17:59:03,0,6,1,256
98256,2024-05-22 18:08:04,0,5,1,298
33873,2024-05-22 18:08:23,1,5,0,0
66017,2024-05-22 18:10:20,1,7,1,209
8009,2024-05-22 18:14:49,1,9,1,452
44843,2024-05-22 18:18:57,0,7,1,574
30223,2024-05-22 18:28:21,1,0,1,471
65977,2024-05-22 18:28:35,0,5,0,0
39496,2024-05-22 18:29:44,0,6,0,0
97081,2024-05-22 18:41:28,0,8,1,435
78870,2024-05-22 19:03:18,0,1,0,0
64171,2024-05-22 19:18:36,0,7,1,445
60316,2024-05-22 19:21:57,1,4,1,384
30223,2024-05-22 19:31:52,1,2,1,321
63775,2024-05-22 19:49:45,0,10,1,283
67542,2024-05-22 19:54:40,0,6,0,0
69887,2024-05-22 19:55:44,0,5,0,0
61086,2024-05-22 20:02:18,1,5,0,0
50170,2024-05-22 20:02:23,1,7,0,0
73073,2024-05-22 20:07:21,0,5,1,255
61862,2024-05-22 20:08:18,1,8,0,0
44751,2024-05-22 20:09:10,0,8,0,0
73659,2024-05-22 20:10:57,0,6,0,0
90915,2024-05-22 20:38:16,0,7,1,226
90756,2024-05-22 20:39:22,1,3,0,0
20681,2024-05-22 20:40:28,1,4,0,0
1963,2024-05-22 21:09:23,0,5,0,0
31786,2024-05-22 21:09:33,0,7,0,0
1088,2024-05-22 21:10:00,1,5,0,0
56642,2024-05-22 21:27:11,0,8,0,0
27982,2024-05-22 21:32:08,0,4,1,541
21476,2024-05-22 21:38:20,1,7,0,0
68748,2024-05-22 21:50:55,0,5,1,278
71466,2024-05-22 21:56:22,0,7,0,0
49561,2024-05-22 22:06:18,0,7,0,0
88273,2024-05-22 22:06:45,0,7,1,312
74770,2024-05-22 22:07:39,1,6,1,692
74143,2024-05-22 22:22:39,0,8,1,494
63658,2024-05-22 22:24:30,0,7,1,346
18146,2024-05-22 22:43:27,1,3,0,0
91689,2024-05-22 22:53:44,0,7,1,352
98080,2024-05-22 22:55:55,0,5,0,0
40403,2024-05-22 23:18:06,0,8,1,233
24835,2024-05-22 23:24:19,1,9,0,0
918,2024-05-22 23:29:03,1,7,0,0
55670,2024-05-22 23:33:45,0,12,0,0
49070,2024-05-23 00:05:20,0,2,1,296
5661,2024-05-23 00:07:30,1,11,1,198
47777,2024-05-23 00:12:18,1,11,1,476
28112,2024-05-23 00:56:05,0,10,0,0
30439,2024-05-23 01:30:42,0,7,0,0
90696,2024-05-23 01:42:20,1,6,0,0
50821,2024-05-23 01:47:10,0,4,1,476
85042,2024-05-23 01:56:03,0,2,1,326
36560,2024-05-23 02:17:50,1,11,0,0
5661,2024-05-23 02:36:42,0,6,0,0
22442,2024-05-23 02:49:27,0,8,0,0
23695,2024-05-23 03:08:13,1,0,0,0
10995,2024-05-23 03:09:28,0,6,0,0
33250,2024-05-23 03:14:32,0,8,0,0
53253,2024-05-23 03:16:51,1,9,0,0
88466,2024-05-23 03:32:22,0,11,0,0
63775,2024-05-23 03:41:59,0,5,0,0
47564,2024-05-23 04:09:07,1,8,1,663
71411,2024-05-23 04:23:38,1,5,0,0
41324,2024-05-23 04:26:36,1,12,0,0
66691,2024-05-23 04:31:25,0,3,0,0
85364,2024-05-23 05:04:46,1,2,1,477
44843,2024-05-23 05:24:50,0,6,0,0
43010,2024-05-23 05:33:14,1,6,0,0
57866,2024-05-23 05:47:38,1,4,0,0
55558,2024-05-23 06:22:31,0,8,1,377
65694,2024-05-23 06:24:10,0,7,0,0
88837,2024-05-23 06:26:25,0,4,0,0
32212,2024-05-23 06:38:53,0,4,1,457
28008,2024-05-23 06:45:04,0,4,0,0
23849,2024-05-23 06:58:06,1,5,0,0
7739,2024-05-23 07:02:57,0,3,0,0
66101,2024-05-23 07:12:46,0,9,1,435
81691,2024-05-23 07:14:18,1,4,1,283
8520,2024-05-23 07:53:59,0,8,0,0
39496,2024-05-23 08:12:04,0,7,0,0
6389,2024-05-23 08:23:10,0,7,0,0
96921,2024-05-23 08:30:00,0,6,0,0
39107,2024-05-23 08:36:55,0,7,1,290
92076,2024-05-23 08:47:02,1,4,0,0
42971,2024-05-23 08:59:31,0,5,0,0
27563,2024-05-23 09:11:18,1,7,0,0
78110,2024-05-23 09:31:09,0,6,1,382
85764,2024-05-23 09:31:59,0,6,1,328
93432,2024-05-23 09:37:08,0,3,0,0
47401,2024-05-23 09:38:21,0,5,0,0
50907,2024-05-23 09:45:55,1,3,1,256
82234,2024-05-23 10:11:47,0,5,1,278
53253,2024-05-23 10:20:18,0,5,0,0
81231,2024-05-23 10:28:25,1,9,0,0
44815,2024-05-23 10:31:26,0,3,1,599
24059,2024-05-23 10:43:07,0,2,1,180
3030,2024-05-23 10:43:39,1,3,0,0
33151,2024-05-23 10:58:52,0,5,1,193
36220,2024-05-23 11:04:21,1,5,0,0
87485,2024-05-23 11:13:58,1,5,0,0
18637,2024-05-23 11:16:27,0,5,1,259
71117,2024-05-23 11:21:39,1,8,0,0
13464,2024-05-23 11:40:16,0,7,0,0
66830,2024-05-23 11:40:30,0,6,1,196
38750,2024-05-23 11:46:11,0,1,0,0
74103,2024-05-23 11:50:33,0,9,0,0
33151,2024-05-23 11:51:12,1,4,1,232
20915,2024-05-23 11:59:25,0,6,0,0
24096,2024-05-23 12:00:47,0,5,1,582
28897,2024-05-23 12:16:51,0,8,0,0
28112,2024-05-23 12:20:36,0,8,0,0
68299,2024-05-23 12:22:57,1,5,0,0
92700,2024-05-23 12:25:35,1,4,0,0
43335,2024-05-23 12:33:48,0,5,0,0
1545,2024-05-23 13:10:29,0,7,0,0
63100,2024-05-23 13:14:29,1,4,0,0
23351,2024-05-23 13:16:02,0,3,0,0
52893,2024-05-23 13:17:54,1,6,0,0
53915,2024-05-23 13:22:18,0,3,0,0
85827,2024-05-23 13:42:33,0,10,0,0
12096,2024-05-23 13:42:39,0,6,0,0
41631,2024-05-23 13:45:09,1,9,0,0
21727,2024-05-23 13:46:24,0,4,1,276
84471,2024-05-23 13:49:55,0,8,0,0
61187,2024-05-23 13:50:34,1,2,0,0
54863,2024-05-23 13:50:46,0,10,0,0
44760,2024-05-23 13:57:16,0,6,1,438
42241,2024-05-23 14:01:47,1,8,1,326
57824,2024-05-23 14:12:45,0,4,0,0
71817,2024-05-23 14:43:07,0,14,1,174
9728,2024-05-23 14:54:05,0,1,0,0
99484,2024-05-23 14:54:45,0,8,1,298
32531,2024-05-23 14:55:59,0,8,0,0
87048,2024-05-23 15:03:18,1,4,0,0
23466,2024-05-23 15:05:42,1,5,1,281
78119,2024-05-23 15:13:54,0,2,1,151
53304,2024-05-23 15:16:30,1,8,0,0
98586,2024-05-23 15:22:28,0,3,0,0
4961,2024-05-23 15:24:12,0,3,0,0
22522,2024-05-23 15:24:48,1,5,0,0
91948,2024-05-23 15:25:00,0,4,0,0
33548,2024-05-23 15:29:47,1,5,1,583
53947,2024-05-23 15:31:28,1,5,1,239
10271,2024-05-23 15:41:45,0,8,1,229
56397,2024-05-23 15:49:21,1,1,0,0
82634,2024-05-23 15:49:49,0,7,0,0
81012,2024-05-23 16:02:48,1,9,1,229
33272,2024-05-23 16:04:50,1,7,0,0
89497,2024-05-23 16:07:21,0,4,0,0
88658,2024-05-23 16:10:04,0,10,0,0
55806,2024-05-23 16:15:39,1,4,0,0
88574,2024-05-23 16:22:40,0,4,1,361
38173,2024-05-23 16:25:27,1,7,0,0
65299,2024-05-23 16:32:36,1,4,1,338
81672,2024-05-23 16:46:28,0,7,1,618
13187,2024-05-23 16:56:19,1,4,1,371
6050,2024-05-23 17:23:50,1,5,0,0
947,2024-05-23 17:43:49,0,6,0,0
53821,2024-05-23 17:55:03,1,5,0,0
66658,2024-05-23 17:56:29,1,7,0,0
53366,2024-05-23 18:01:47,0,1,0,0
75720,2024-05-23 18:05:19,0,5,1,321
490,2024-05-23 18:08:50,0,12,1,457
23024,2024-05-23 18:26:20,1,5,0,0
20915,2024-05-23 18:51:11,1,9,1,220
92936,2024-05-23 19:28:16,1,7,0,0
19020,2024-05-23 19:37:10,0,12,0,0
1045,2024-05-23 19:50:19,1,13,1,388
45089,2024-05-23 19:56:28,1,4,1,658
947,2024-05-23 20:02:48,0,7,0,0
52552,2024-05-23 20:11:52,0,5,0,0
2359,2024-05-23 20:13:04,1,5,0,0
27966,2024-05-23 20:30:57,0,8,0,0
85730,2024-05-23 20:53:06,0,6,1,265
65180,2024-05-23 21:00:50,0,6,0,0
54698,2024-05-23 21:06:31,0,9,1,227
89813,2024-05-23 21:19:16,0,8,0,0
19361,2024-05-23 21:20:29,0,7,1,364
84524,2024-05-23 21:39:21,1,4,1,422
81012,2024-05-23 21:52:43,0,5,0,0
40508,2024-05-23 21:54:30,0,9,0,0
43335,2024-05-23 21:57:02,0,7,0,0
66111,2024-05-23 22:07:42,0,9,0,0
79194,2024-05-23 22:09:22,0,4,0,0
16855,2024-05-23 22:19:40,1,8,1,220
12603,2024-05-23 22:22:53,0,5,0,0
46957,2024-05-23 22:32:38,0,8,0,0
808,2024-05-23 22:34:01,0,3,1,318
56004,2024-05-23 22:38:24,0,7,1,616
8648,2024-05-23 22:47:15,0,0,0,0
82865,2024-05-23 22:47:58,1,5,1,218
68670,2024-05-23 22:48:40,1,5,0,0
59851,2024-05-23 22:50:02,0,2,0,0
12291,2024-05-23 22:56:53,0,10,1,402
15826,2024-05-23 23:00:30,1,9,0,0
86802,2024-05-23 23:09:10,0,11,0,0
92248,2024-05-23 23:09:19,1,3,1,427
35872,2024-05-23 23:09:44,1,4,0,0
73302,2024-05-23 23:17:00,0,6,0,0
86551,2024-05-23 23:40:00,1,9,0,0
13187,2024-05-23 23:47:46,1,5,0,0
24996,2024-05-23 23:51:12,0,6,0,0
49381,2024-05-23 23:58:53,0,6,1,259
40567,2024-05-24 00:01:42,0,5,0,0
69292,2024-05-24 00:10:19,0,10,0,0
17844,2024-05-24 00:21:10,1,9,0,0
31786,2024-05-24 00:28:52,0,8,0,0
1963,2024-05-24 00:44:52,1,6,0,0
59037,2024-05-24 01:11:42,0,6,0,0
54698,2024-05-24 01:47:58,0,11,1,513
55558,2024-05-24 01:49:58,0,8,1,463
66354,2024-05-24 01:58:16,0,9,1,641
78175,2024-05-24 02:03:44,0,5,1,212
32444,2024-05-24 02:17:20,0,7,0,0
52001,2024-05-24 02:22:12,1,6,1,710
68938,2024-05-24 02:51:15,0,4,0,0
28212,2024-05-24 03:15:17,0,8,1,321
16586,2024-05-24 03:22:46,0,9,0,0
28212,2024-05-24 03:23:03,0,7,0,0
25788,2024-05-24 03:28:44,1,4,0,0
55806,2024-05-24 03:35:20,0,4,1,273
40611,2024-05-24 03:48:27,0,7,0,0
32090,2024-05-24 03:56:09,1,2,1,280
236,2024-05-24 04:08:50,0,8,1,455
85042,2024-05-24 04:33:22,0,2,1,467
46205,2024-05-24 04:45:05,0,5,0,0
58509,2024-05-24 04:45:20,0,3,0,0
60190,2024-05-24 04:46:09,1,6,0,0
50395,2024-05-24 04:55:40,0,7,0,0
87557,2024-05-24 05:17:00,1,8,0,0
47594,2024-05-24 05:34:48,1,5,1,367
30360,2024-05-24 05:44:50,0,6,0,0
7233,2024-05-24 05:49:12,1,8,0,0
38720,2024-05-24 05:54:17,0,10,0,0
47203,2024-05-24 05:54:38,1,8,0,0
57271,2024-05-24 06:23:00,0,6,1,549
51112,2024-05-24 06:35:02,1,2,0,0
54001,2024-05-24 06:36:16,0,3,1,268
26754,2024-05-24 07:02:25,1,7,0,0
93986,2024-05-24 07:19:56,1,5,1,460
55892,2024-05-24 07:33:24,0,8,1,331
69936,2024-05-24 07:52:20,1,4,0,0
81233,2024-05-24 08:21:36,0,11,1,659
12796,2024-05-24 08:22:15,0,7,0,0
36022,2024-05-24 08:28:25,0,5,1,224
74687,2024-05-24 08:47:44,1,9,0,0
36220,2024-05-24 08:53:52,1,8,0,0
92102,2024-05-24 08:56:51,1,7,0,0
40780,2024-05-24 09:02:05,0,2,0,0
13245,2024-05-24 09:14:50,0,7,0,0
95764,2024-05-24 09:23:50,1,8,0,0
20681,2024-05-24 09:25:56,0,5,0,0
10166,2024-05-24 09:35:31,0,5,0,0
50170,2024-05-24 09:40:01,0,8,0,0
88652,2024-05-24 09:40:18,1,8,0,0
78110,2024-05-24 09:44:12,1,4,0,0
95764,2024-05-24 09:56:42,0,5,0,0
40470,2024-05-24 10:23:52,0,8,0,0
61355,2024-05-24 10:26:04,1,4,0,0
11012,2024-05-24 10:53:06,1,3,0,0
42548,2024-05-24 11:00:30,1,19,0,0
41882,2024-05-24 11:10:49,1,10,0,0
3330,2024-05-24 11:24:19,0,3,1,589
33955,2024-05-24 11:34:55,0,8,0,0
82234,2024-05-24 11:42:55,1,3,0,0
64038,2024-05-24 11:51:20,0,10,1,255
47777,2024-05-24 11:59:33,0,10,0,0
96973,2024-05-24 12:01:48,0,3,0,0
48650,2024-05-24 12:02:31,0,4,0,0
11517,2024-05-24 12:06:11,1,7,0,0
236,2024-05-24 12:20:21,1,5,0,0
27982,2024-05-24 12:24:59,0,7,0,0
38246,2024-05-24 12:33:02,0,4,0,0
20395,2024-05-24 12:35:12,1,2,0,0
64307,2024-05-24 12:43:14,0,6,0,0
66017,2024-05-24 12:46:39,1,6,0,0
45562,2024-05-24 12:53:10,1,5,0,0
6193,2024-05-24 13:03:35,0,9,1,460
60295,2024-05-24 13:06:50,0,8,0,0
50470,2024-05-24 13:10:50,0,10,0,0
81499,2024-05-24 13:13:46,0,7,0,0
31445,2024-05-24 13:38:35,0,12,1,188
77734,2024-05-24 13:58:53,0,5,0,0
13858,2024-05-24 14:00:06,0,7,0,0
58380,2024-05-24 14:00:53,0,8,0,0
58556,2024-05-24 14:08:28,0,1,1,280
19020,2024-05-24 14:25:43,0,8,1,334
81339,2024-05-24 14:31:29,0,3,1,247
57082,2024-05-24 14:32:52,0,6,1,340
64202,2024-05-24 14:40:09,0,7,0,0
36187,2024-05-24 14:46:21,1,8,0,0
13849,2024-05-24 14:49:41,0,6,0,0
97367,2024-05-24 14:54:01,0,14,1,169
12187,2024-05-24 15:00:45,0,4,0,0
37632,2024-05-24 15:04:54,0,3,1,470
58185,2024-05-24 15:09:25,0,7,0,0
58509,2024-05-24 15:14:19,0,4,1,371
33319,2024-05-24 15:27:11,0,7,0,0
34154,2024-05-24 15:27:51,0,4,0,0
33250,2024-05-24 15:31:16,1,3,0,0
15263,2024-05-24 15:36:06,0,7,1,228
88009,2024-05-24 15:42:18,0,6,0,0
72134,2024-05-24 15:42:41,1,9,1,409
40211,2024-05-24 15:45:46,0,5,1,638
8238,2024-05-24 15:55:58,0,9,0,0
60295,2024-05-24 16:02:31,0,3,0,0
56031,2024-05-24 16:16:06,0,6,1,297
46648,2024-05-24 16:24:16,1,6,0,0
45070,2024-05-24 16:33:14,0,8,1,862
46226,2024-05-24 16:33:25,0,10,1,237
49643,2024-05-24 16:40:48,0,2,0,0
78442,2024-05-24 16:42:53,0,5,0,0
92700,2024-05-24 16:44:48,0,5,1,188
24835,2024-05-24 16:48:16,1,8,1,339
8520,2024-05-24 16:54:50,0,5,1,518
20045,2024-05-24 16:55:50,0,5,0,0
8135,2024-05-24 17:15:36,0,8,0,0
47010,2024-05-24 17:15:36,0,7,0,0
58380,2024-05-24 17:16:15,1,9,0,0
3825,2024-05-24 17:19:21,0,11,0,0
44875,2024-05-24 17:20:04,0,8,0,0
5458,2024-05-24 17:24:27,0,3,0,0
88864,2024-05-24 17:41:08,0,10,0,0
49380,2024-05-24 17:46:06,0,8,1,228
50649,2024-05-24 17:55:32,0,1,1,213
60484,2024-05-24 18:24:34,0,4,0,0
35569,2024-05-24 18:31:16,0,7,0,0
36187,2024-05-24 18:44:35,0,8,1,314
32830,2024-05-24 19:02:39,1,4,1,140
48819,2024-05-24 19:03:55,0,6,0,0
18366,2024-05-24 19:11:42,0,4,1,138
62770,2024-05-24 19:25:26,0,4,0,0
16552,2024-05-24 19:35:40,1,11,0,0
15720,2024-05-24 19:38:30,1,4,0,0
62743,2024-05-24 19:40:57,0,4,0,0
91948,2024-05-24 19:46:42,0,10,0,0
27974,2024-05-24 19:51:35,0,3,0,0
77954,2024-05-24 20:37:07,0,2,1,263
15263,2024-05-24 20:38:14,1,4,0,0
54631,2024-05-24 20:40:40,0,7,0,0
44760,2024-05-24 20:48:18,0,6,0,0
15720,2024-05-24 21:08:29,0,3,0,0
2121,2024-05-24 21:08:35,0,9,1,360
37869,2024-05-24 21:09:15,0,7,0,0
24096,2024-05-24 21:12:12,0,13,0,0
19361,2024-05-24 21:19:52,1,6,0,0
89532,2024-05-24 21:35:54,1,5,0,0
56125,2024-05-24 21:47:22,1,5,0,0
85631,2024-05-24 21:47:33,0,8,1,429
31513,2024-05-24 22:04:26,0,5,0,0
27318,2024-05-24 22:16:04,1,4,1,337
1963,2024-05-24 22:18:17,0,3,1,382
19452,2024-05-24 22:48:18,0,5,0,0
68712,2024-05-24 23:02:16,1,6,1,368
65921,2024-05-24 23:04:06,0,2,0,0
44303,2024-05-24 23:05:23,0,3,0,0
23980,2024-05-24 23:09:05,1,3,0,0
67422,2024-05-24 23:12:27,0,7,0,0
33250,2024-05-24 23:33:09,0,4,0,0
43010,2024-05-24 23:35:18,0,6,1,460
38640,2024-05-24 23:39:03,0,7,0,0
10955,2024-05-24 23:43:34,0,6,0,0
87152,2024-05-24 23:46:55,0,5,1,263
71093,2024-05-24 23:49:21,1,11,1,176
37100,2024-05-25 00:06:13,1,4,1,335
33873,2024-05-25 00:22:27,1,1,0,0
16586,2024-05-25 00:25:28,0,7,1,223
38614,2024-05-25 00:25:58,1,4,1,411
72446,2024-05-25 00:26:13,0,6,0,0
12187,2024-05-25 00:41:53,0,8,1,422
23648,2024-05-25 00:56:25,0,7,1,270
24489,2024-05-25 01:13:20,0,5,0,0
1676,2024-05-25 01:23:45,0,9,1,571
78485,2024-05-25 01:49:15,0,2,0,0
12004,2024-05-25 02:55:00,0,7,1,273
63852,2024-05-25 03:03:49,0,11,0,0
82405,2024-05-25 03:19:59,0,8,1,172
17378,2024-05-25 03:42:58,0,4,0,0
31445,2024-05-25 03:43:27,0,3,0,0
54230,2024-05-25 04:09:34,0,8,0,0
48399,2024-05-25 04:12:51,1,4,0,0
28897,2024-05-25 04:36:10,0,9,0,0
29454,2024-05-25 05:06:33,1,4,0,0
37632,2024-05-25 05:10:28,0,4,1,368
92284,2024-05-25 05:12:24,0,6,1,265
32913,2024-05-25 05:13:25,0,8,1,437
64011,2024-05-25 05:25:54,0,9,1,369
88009,2024-05-25 05:50:29,1,3,0,0
20248,2024-05-25 05:52:48,0,3,0,0
49379,2024-05-25 06:29:35,0,7,0,0
58646,2024-05-25 06:34:17,0,6,0,0
85042,2024-05-25 07:02:15,0,5,0,0
52073,2024-05-25 07:54:10,1,7,1,469
17497,2024-05-25 08:16:27,0,10,0,0
53073,2024-05-25 08:33:16,0,8,1,311
67917,2024-05-25 08:44:50,0,6,0,0
26257,2024-05-25 08:56:17,0,6,0,0
79159,2024-05-25 09:18:53,0,8,0,0
90706,2024-05-25 09:24:28,0,3,1,306
63100,2024-05-25 09:46:34,1,6,1,531
13229,2024-05-25 09:49:38,0,5,1,465
18737,2024-05-25 09:53:14,1,6,0,0
6432,2024-05-25 09:58:12,0,10,0,0
70473,2024-05-25 10:15:41,0,7,0,0
73793,2024-05-25 10:25:19,0,5,0,0
8155,2024-05-25 10:26:10,0,5,0,0
58556,2024-05-25 10:34:58,0,2,0,0
25636,2024-05-25 10:40:34,1,4,1,233
79725,2024-05-25 10:44:44,0,6,0,0
22173,2024-05-25 10:45:13,0,9,0,0
58185,2024-05-25 10:49:24,0,10,0,0
99332,2024-05-25 10:52:42,0,6,1,453
86551,2024-05-25 10:55:42,0,8,0,0
60166,2024-05-25 11:09:57,0,7,1,185
41631,2024-05-25 11:18:55,0,7,1,400
67448,2024-05-25 11:19:23,1,2,0,0
73514,2024-05-25 11:19:25,0,10,1,379
85280,2024-05-25 11:28:49,0,6,0,0
65998,2024-05-25 11:33:43,1,10,0,0
40567,2024-05-25 11:35:45,0,6,0,0
78175,2024-05-25 11:40:26,0,5,0,0
20676,2024-05-25 11:49:35,1,5,0,0
69352,2024-05-25 11:49:44,0,8,1,238
74063,2024-05-25 12:08:41,0,5,0,0
52012,2024-05-25 12:10:19,0,7,1,489
82405,2024-05-25 12:17:34,0,4,1,342
45103,2024-05-25 12:19:32,0,4,1,311
30825,2024-05-25 12:21:00,0,10,0,0
25788,2024-05-25 12:23:01,1,8,0,0
52012,2024-05-25 12:32:01,0,20,0,0
53915,2024-05-25 12:40:41,0,7,0,0
12525,2024-05-25 12:41:45,0,2,0,0
5820,2024-05-25 12:42:07,1,3,0,0
70923,2024-05-25 12:43:01,0,8,0,0
59851,2024-05-25 12:51:13,1,10,1,404
76807,2024-05-25 13:07:23,0,9,0,0
15229,2024-05-25 13:10:24,1,5,0,0
53215,2024-05-25 13:27:12,0,9,1,390
13402,2024-05-25 13:29:57,0,3,0,0
23849,2024-05-25 13:41:53,0,4,1,393
33955,2024-05-25 13:45:25,0,5,0,0
17869,2024-05-25 13:48:50,0,4,0,0
65907,2024-05-25 13:56:42,0,6,0,0
7085,2024-05-25 14:38:50,1,7,1,209
70471,2024-05-25 14:43:53,1,4,1,346
6061,2024-05-25 14:53:44,0,6,0,0
33319,2024-05-25 14:56:16,0,7,1,346
81499,2024-05-25 14:57:09,0,4,0,0
71256,2024-05-25 14:58:07,1,5,0,0
55714,2024-05-25 15:01:17,0,7,1,169
56004,2024-05-25 15:20:27,1,7,0,0
98080,2024-05-25 15:35:20,0,3,0,0
35569,2024-05-25 15:44:42,0,5,1,259
77954,2024-05-25 15:49:47,0,5,0,0
4136,2024-05-25 15:53:15,0,3,0,0
69292,2024-05-25 16:02:07,0,10,1,231
66691,2024-05-25 16:36:16,0,4,1,282
17285,2024-05-25 16:46:26,0,8,1,308
13245,2024-05-25 16:51:08,0,9,0,0
94286,2024-05-25 16:57:50,0,6,0,0
7085,2024-05-25 17:01:15,1,6,0,0
38206,2024-05-25 17:04:26,0,9,0,0
12525,2024-05-25 17:05:28,0,7,0,0
70523,2024-05-25 17:10:08,0,7,1,406
13229,2024-05-25 17:16:15,0,3,0,0
47777,2024-05-25 17:21:56,0,6,1,520
46802,2024-05-25 17:30:48,1,6,0,0
8336,2024-05-25 17:38:09,0,5,1,366
16418,2024-05-25 17:50:35,1,9,0,0
53615,2024-05-25 18:06:31,1,6,0,0
74046,2024-05-25 18:23:43,0,8,0,0
12603,2024-05-25 18:33:27,0,4,0,0
66111,2024-05-25 18:33:37,0,4,0,0
83214,2024-05-25 18:42:17,0,8,0,0
71149,2024-05-25 18:47:53,0,4,0,0
12453,2024-05-25 18:52:08,0,7,0,0
42028,2024-05-25 18:56:09,1,8,0,0
44303,2024-05-25 18:58:20,1,4,0,0
85631,2024-05-25 18:59:35,0,4,0,0
69292,2024-05-25 19:05:53,0,10,1,480
16425,2024-05-25 19:06:59,0,7,1,310
40072,2024-05-25 19:09:48,0,4,0,0
78632,2024-05-25 19:15:17,1,11,1,306
52599,2024-05-25 19:17:47,1,8,1,183
58694,2024-05-25 19:19:08,0,5,1,325
88727,2024-05-25 19:21:43,0,6,1,397
86521,2024-05-25 19:26:09,0,4,0,0
28212,2024-05-25 19:30:43,0,5,0,0
13544,2024-05-25 19:35:42,1,7,0,0
33955,2024-05-25 19:42:24,0,6,1,234
9968,2024-05-25 19:49:52,0,4,0,0
36835,2024-05-25 19:57:39,0,1,1,243
57866,2024-05-25 20:17:51,1,4,0,0
53915,2024-05-25 20:25:43,0,4,0,0
61242,2024-05-25 20:33:30,0,4,0,0
69448,2024-05-25 20:35:27,0,7,0,0
65474,2024-05-25 20:35:54,0,7,1,436
19947,2024-05-25 20:38:37,1,8,0,0
75454,2024-05-25 20:42:17,0,4,0,0
67852,2024-05-25 20:54:57,0,4,1,240
16418,2024-05-25 21:01:26,1,5,0,0
29454,2024-05-25 21:25:21,0,9,0,0
50195,2024-05-25 21:31:46,0,6,0,0
95682,2024-05-25 21:43:13,0,12,0,0
44875,2024-05-25 21:56:24,0,7,0,0
56456,2024-05-25 22:06:23,0,1,1,260
947,2024-05-25 22:14:21,0,3,1,407
77775,2024-05-25 22:36:08,0,4,0,0
21072,2024-05-25 22:41:19,1,11,0,0
55851,2024-05-25 23:02:36,0,6,0,0
26754,2024-05-25 23:03:19,0,9,0,0
99332,2024-05-25 23:16:31,0,4,0,0
62181,2024-05-25 23:18:23,0,11,0,0
73302,2024-05-25 23:20:20,1,9,1,361
88180,2024-05-25 23:23:17,0,6,0,0
14380,2024-05-25 23:39:42,0,8,0,0
29589,2024-05-25 23:50:02,0,4,0,0
18366,2024-05-26 00:10:25,0,10,0,0
29017,2024-05-26 00:17:25,1,6,0,0
51402,2024-05-26 00:21:06,0,5,1,472
62941,2024-05-26 00:22:05,0,2,0,0
84154,2024-05-26 00:53:07,0,3,1,245
87145,2024-05-26 01:11:25,1,5,1,295
72134,2024-05-26 01:19:11,0,8,1,465
12671,2024-05-26 01:44:41,0,9,0,0
38963,2024-05-26 02:12:52,1,9,0,0
42028,2024-05-26 02:32:21,1,3,0,0
24921,2024-05-26 02:36:06,0,7,0,0
1379,2024-05-26 02:39:39,0,5,1,222
55539,2024-05-26 03:05:26,0,8,0,0
36220,2024-05-26 03:14:56,1,2,0,0
89532,2024-05-26 03:20:01,0,10,0,0
7936,2024-05-26 03:34:55,1,10,0,0
37869,2024-05-26 03:39:43,0,6,0,0
35872,2024-05-26 03:42:58,1,7,0,0
9153,2024-05-26 03:49:14,1,1,0,0
57761,2024-05-26 04:15:00,0,2,0,0
60144,2024-05-26 05:34:23,0,5,0,0
3815,2024-05-26 05:47:32,1,7,1,337
92586,2024-05-26 06:28:24,0,7,0,0
92724,2024-05-26 06:33:59,0,10,0,0
42810,2024-05-26 07:03:22,0,8,0,0
62820,2024-05-26 07:54:25,1,5,0,0
54835,2024-05-26 08:04:47,0,11,0,0
3825,2024-05-26 08:05:56,1,3,0,0
73204,2024-05-26 08:09:09,1,8,0,0
31675,2024-05-26 08:09:20,0,2,0,0
47375,2024-05-26 08:22:44,0,6,1,415
44592,2024-05-26 08:31:07,0,6,0,0
32134,2024-05-26 08:42:59,0,15,0,0
4019,2024-05-26 08:47:54,0,4,0,0
96623,2024-05-26 08:50:36,0,7,0,0
17637,2024-05-26 09:01:06,0,1,0,0
11805,2024-05-26 09:08:37,0,6,0,0
38640,2024-05-26 09:09:33,1,8,0,0
65194,2024-05-26 09:13:16,0,8,0,0
42810,2024-05-26 09:14:22,1,9,0,0
33250,2024-05-26 09:20:20,0,6,0,0
30825,2024-05-26 09:26:54,0,5,0,0
50470,2024-05-26 09:38:04,0,2,0,0
94427,2024-05-26 09:59:47,0,9,1,365
12763,2024-05-26 10:03:32,0,7,0,0
34154,2024-05-26 10:27:02,0,4,0,0
74023,2024-05-26 10:43:45,0,2,1,335
82057,2024-05-26 10:51:59,0,9,1,485
89532,2024-05-26 11:13:37,1,10,0,0
64831,2024-05-26 11:20:07,0,4,1,537
15263,2024-05-26 11:22:50,1,5,0,0
50018,2024-05-26 11:33:03,0,6,0,0
57082,2024-05-26 11:33:21,1,7,0,0
57397,2024-05-26 11:45:29,0,2,1,327
39150,2024-05-26 12:03:51,0,7,0,0
90156,2024-05-26 12:09:58,0,6,0,0
64796,2024-05-26 12:15:04,0,7,0,0
94502,2024-05-26 12:18:50,0,6,0,0
69352,2024-05-26 12:27:00,1,6,0,0
21852,2024-05-26 12:35:50,0,6,1,186
17869,2024-05-26 12:36:07,0,4,0,0
12525,2024-05-26 12:43:01,0,3,0,0
85379,2024-05-26 12:43:05,0,7,0,0
40211,2024-05-26 12:55:30,0,5,0,0
3341,2024-05-26 13:10:04,0,5,0,0
56647,2024-05-26 13:18:04,0,6,1,275
81358,2024-05-26 13:23:19,0,9,1,327
52552,2024-05-26 13:34:44,1,7,1,326
59691,2024-05-26 13:39:30,0,8,0,0
70339,2024-05-26 13:44:04,0,10,0,0
66599,2024-05-26 13:54:35,1,8,0,0
57824,2024-05-26 13:55:35,0,3,0,0
3375,2024-05-26 14:10:22,0,8,1,523
1768,2024-05-26 14:14:18,1,7,1,584
80185,2024-05-26 14:18:47,1,4,1,116
99346,2024-05-26 14:43:35,1,6,0,0
81672,2024-05-26 14:58:36,0,4,1,277
13954,2024-05-26 15:03:59,0,7,0,0
15720,2024-05-26 15:08:47,0,8,1,154
61407,2024-05-26 15:11:05,0,4,1,230
26257,2024-05-26 15:21:29,0,7,1,357
89286,2024-05-26 15:25:46,0,3,1,418
77173,2024-05-26 15:43:22,1,7,1,655
96298,2024-05-26 15:55:24,0,1,1,513
69035,2024-05-26 15:59:24,0,7,0,0
69521,2024-05-26 16:20:09,1,5,0,0
93203,2024-05-26 16:20:46,0,3,0,0
73026,2024-05-26 16:30:18,0,8,0,0
66265,2024-05-26 16:46:34,0,2,0,0
62938,2024-05-26 16:57:50,0,5,1,298
74980,2024-05-26 16:59:08,1,10,1,369
38671,2024-05-26 17:07:37,1,5,1,367
964,2024-05-26 17:07:40,1,5,0,0
55041,2024-05-26 17:14:36,0,9,0,0
57761,2024-05-26 17:31:57,0,4,1,236
33035,2024-05-26 17:32:26,0,6,1,393
61508,2024-05-26 17:40:48,1,7,0,0
68299,2024-05-26 17:46:20,1,6,0,0
48604,2024-05-26 17:46:43,1,6,1,128
6439,2024-05-26 17:58:19,1,6,0,0
66599,2024-05-26 18:03:18,0,9,0,0
90194,2024-05-26 18:25:00,1,10,0,0
34354,2024-05-26 18:26:17,1,7,1,376
36835,2024-05-26 18:33:51,0,3,0,0
21518,2024-05-26 18:37:59,0,6,0,0
68292,2024-05-26 18:49:21,0,2,1,296
3815,2024-05-26 19:00:27,1,3,1,167
95645,2024-05-26 19:02:56,0,6,0,0
68415,2024-05-26 19:24:17,1,10,1,229
77524,2024-05-26 19:24:47,0,7,1,408
26257,2024-05-26 19:40:40,0,7,1,468
63924,2024-05-26 20:08:17,0,3,1,342
55670,2024-05-26 20:14:32,0,4,0,0
85280,2024-05-26 20:30:35,0,4,0,0
36560,2024-05-26 20:40:21,1,5,0,0
60689,2024-05-26 20:43:26,1,10,1,385
95258,2024-05-26 20:44:10,1,7,1,336
33548,2024-05-26 20:52:39,0,6,0,0
38744,2024-05-26 21:04:59,0,6,0,0
89871,2024-05-26 21:05:57,0,6,0,0
64669,2024-05-26 21:10:10,1,3,1,398
23024,2024-05-26 21:11:09,0,11,0,0
18952,2024-05-26 21:12:14,0,12,0,0
81437,2024-05-26 21:13:28,0,3,1,192
10955,2024-05-26 21:16:31,0,6,0,0
6558,2024-05-26 21:18:38,0,3,0,0
13849,2024-05-26 21:21:04,0,6,0,0
27422,2024-05-26 21:31:43,0,5,1,346
6584,2024-05-26 21:33:55,0,8,0,0
87152,2024-05-26 21:55:51,1,11,0,0
53780,2024-05-26 22:04:12,1,6,0,0
15229,2024-05-26 22:20:11,0,12,1,541
96298,2024-05-26 22:46:10,0,4,0,0
38246,2024-05-26 22:48:45,1,9,0,0
3341,2024-05-26 22:50:52,0,6,1,389
21072,2024-05-26 22:56:49,1,7,0,0
5343,2024-05-26 23:04:39,0,8,0,0
28681,2024-05-26 23:04:45,0,7,1,280
38002,2024-05-26 23:06:26,1,7,0,0
66354,2024-05-26 23:09:03,0,6,0,0
55539,2024-05-26 23:12:44,1,4,1,389
39101,2024-05-26 23:22:18,0,3,1,287
35804,2024-05-26 23:25:26,0,3,0,0
87757,2024-05-26 23:43:47,0,8,0,0
43010,2024-05-26 23:52:25,1,5,0,0
87048,2024-05-26 23:52:34,0,1,0,0
85280,2024-05-27 00:01:07,1,6,1,274
24096,2024-05-27 00:17:42,1,9,1,560
21852,2024-05-27 00:24:45,0,4,1,366
39795,2024-05-27 00:49:31,0,5,1,411
34740,2024-05-27 00:55:06,0,4,0,0
40289,2024-05-27 01:03:14,1,5,1,190
34750,2024-05-27 01:07:04,0,7,1,342
4933,2024-05-27 01:22:15,0,8,1,232
21518,2024-05-27 01:33:07,1,6,0,0
88079,2024-05-27 02:06:06,0,6,1,299
97418,2024-05-27 02:19:19,0,6,0,0
3327,2024-05-27 02:39:00,0,4,0,0
50487,2024-05-27 02:49:48,0,4,0,0
48258,2024-05-27 03:13:17,1,5,0,0
50395,2024-05-27 03:32:08,0,3,0,0
21924,2024-05-27 03:36:33,0,11,0,0
24165,2024-05-27 03:39:36,0,8,0,0
88061,2024-05-27 03:42:45,0,4,0,0
11805,2024-05-27 03:43:55,0,3,0,0
55952,2024-05-27 04:09:36,0,6,1,396
74063,2024-05-27 04:17:25,0,10,0,0
44066,2024-05-27 04:18:59,0,6,1,589
63924,2024-05-27 04:36:33,0,3,1,265
51402,2024-05-27 04:48:23,0,5,1,507
23840,2024-05-27 04:55:33,0,9,0,0
64203,2024-05-27 05:07:10,0,4,1,433
91948,2024-05-27 05:20:55,0,6,0,0
87403,2024-05-27 05:22:22,0,9,0,0
39795,2024-05-27 05:34:47,0,8,1,254
85234,2024-05-27 05:41:41,1,6,1,292
55605,2024-05-27 06:04:07,0,5,1,258
39696,2024-05-27 06:08:32,1,10,0,0
18641,2024-05-27 07:24:43,0,5,1,237
54001,2024-05-27 07:25:38,0,5,1,294
89532,2024-05-27 07:51:35,0,7,0,0
40366,2024-05-27 08:33:08,0,5,0,0
77775,2024-05-27 08:34:49,0,5,0,0
7936,2024-05-27 08:41:51,0,9,1,302
47564,2024-05-27 08:44:07,0,11,0,0
21644,2024-05-27 08:44:12,0,6,0,0
86767,2024-05-27 08:50:59,0,12,0,0
45562,2024-05-27 09:10:52,0,4,0,0
37973,2024-05-27 09:14:32,1,10,0,0
38614,2024-05-27 09:16:52,0,4,0,0
52639,2024-05-27 09:23:43,0,4,0,0
49643,2024-05-27 09:25:33,1,10,1,240
78110,2024-05-27 09:39:59,0,5,0,0
78632,2024-05-27 09:49:39,0,3,0,0
7720,2024-05-27 09:58:27,1,5,0,0
46802,2024-05-27 10:10:15,1,5,1,362
44875,2024-05-27 10:16:24,0,9,0,0
19319,2024-05-27 10:17:11,0,5,1,638
49147,2024-05-27 10:19:30,0,11,0,0
74143,2024-05-27 10:22:47,0,5,0,0
236,2024-05-27 10:25:43,0,2,0,0
56150,2024-05-27 10:26:57,1,6,1,398
1440,2024-05-27 10:33:05,1,6,1,490
68395,2024-05-27 10:47:36,0,6,1,538
16418,2024-05-27 10:50:38,0,7,0,0
97367,2024-05-27 10:51:54,1,7,1,348
16552,2024-05-27 11:02:13,0,6,0,0
62706,2024-05-27 11:32:44,0,8,0,0
79797,2024-05-27 11:33:11,1,5,0,0
70754,2024-05-27 11:40:27,0,5,0,0
69642,2024-05-27 11:41:54,0,6,0,0
97106,2024-05-27 11:52:55,0,6,1,501
77968,2024-05-27 12:00:23,0,8,0,0
5052,2024-05-27 12:11:51,1,5,0,0
11260,2024-05-27 12:12:54,1,2,0,0
36541,2024-05-27 12:30:55,0,4,0,0
603,2024-05-27 12:31:53,0,4,0,0
74418,2024-05-27 12:32:03,0,5,0,0
70473,2024-05-27 12:33:38,0,7,0,0
58942,2024-05-27 12:35:46,0,5,0,0
34750,2024-05-27 12:39:16,0,7,0,0
58329,2024-05-27 12:41:54,0,9,0,0
78442,2024-05-27 12:54:16,0,6,0,0
83298,2024-05-27 12:54:38,1,7,0,0
2359,2024-05-27 12:55:57,1,6,0,0
10723,2024-05-27 13:12:37,1,7,0,0
45070,2024-05-27 13:42:32,1,2,0,0
40072,2024-05-27 13:43:59,0,5,1,441
31445,2024-05-27 13:53:18,0,3,1,260
4136,2024-05-27 14:03:40,1,9,0,0
52639,2024-05-27 14:25:12,0,10,0,0
18658,2024-05-27 14:38:32,0,6,1,221
70231,2024-05-27 14:41:32,0,6,0,0
70222,2024-05-27 14:41:39,1,9,0,0
32968,2024-05-27 14:49:17,0,7,0,0
38695,2024-05-27 14:50:31,0,5,1,541
41324,2024-05-27 14:54:50,1,7,0,0
27326,2024-05-27 15:04:57,0,4,0,0
19559,2024-05-27 15:17:07,0,8,1,199
29395,2024-05-27 15:38:40,0,6,0,0
30439,2024-05-27 15:40:50,1,6,0,0
21811,2024-05-27 16:02:28,0,10,0,0
17378,2024-05-27 16:05:28,0,4,0,0
73204,2024-05-27 16:08:45,1,4,0,0
87877,2024-05-27 16:17:40,0,7,0,0
84683,2024-05-27 16:23:27,0,8,0,0
46323,2024-05-27 16:25:06,1,5,0,0
20045,2024-05-27 16:36:23,0,10,0,0
89871,2024-05-27 16:45:43,1,7,0,0
71706,2024-05-27 16:50:38,1,6,0,0
36311,2024-05-27 16:52:22,1,3,0,0
76004,2024-05-27 17:02:15,0,5,0,0
236,2024-05-27 17:09:17,0,4,1,198
2894,2024-05-27 17:33:46,1,6,1,541
71895,2024-05-27 17:36:46,1,6,1,274
29081,2024-05-27 17:38:58,0,8,0,0
56031,2024-05-27 17:58:21,1,9,0,0
947,2024-05-27 18:04:02,0,10,0,0
71706,2024-05-27 18:05:49,0,5,0,0
81012,2024-05-27 18:08:12,0,8,0,0
15650,2024-05-27 18:17:49,0,3,0,0
38614,2024-05-27 18:20:35,1,5,0,0
5343,2024-05-27 18:22:33,0,7,1,391
95682,2024-05-27 18:24:59,0,7,0,0
26257,2024-05-27 18:33:48,0,6,0,0
98314,2024-05-27 18:36:02,0,5,0,0
13402,2024-05-27 19:02:09,0,4,1,297
40676,2024-05-27 19:15:23,0,7,0,0
801,2024-05-27 19:27:11,1,9,0,0
85379,2024-05-27 19:45:01,0,0,0,0
55714,2024-05-27 19:47:05,0,7,0,0
65921,2024-05-27 20:01:07,1,7,1,234
61861,2024-05-27 20:10:09,1,6,0,0
62893,2024-05-27 20:30:58,1,8,1,235
80182,2024-05-27 20:35:59,0,9,0,0
23849,2024-05-27 20:39:11,0,8,1,380
52705,2024-05-27 20:42:15,1,4,0,0
32531,2024-05-27 21:00:08,0,7,0,0
98166,2024-05-27 21:35:09,0,6,1,314
31445,2024-05-27 21:37:34,1,7,0,0
44701,2024-05-27 21:42:22,0,4,1,906
32225,2024-05-27 21:46:06,1,8,1,412
40240,2024-05-27 21:46:48,0,4,1,375
97637,2024-05-27 21:50:06,1,6,0,0
20623,2024-05-27 21:55:11,0,5,0,0
95986,2024-05-27 22:15:10,0,8,0,0
45831,2024-05-27 22:18:29,0,6,1,430
44367,2024-05-27 22:20:56,0,3,0,0
70222,2024-05-27 22:27:23,0,8,1,319
5520,2024-05-27 22:28:14,1,9,1,274
77775,2024-05-27 22:30:53,0,7,0,0
36072,2024-05-27 23:00:22,0,3,0,0
4136,2024-05-27 23:02:11,0,8,1,562
92076,2024-05-27 23:05:25,0,2,0,0
99346,2024-05-27 23:07:16,0,8,0,0
37603,2024-05-27 23:08:35,0,7,1,265
56150,2024-05-27 23:25:47,0,6,0,0
8194,2024-05-27 23:28:44,0,6,0,0
50771,2024-05-27 23:36:38,1,7,0,0
92586,2024-05-27 23:38:01,0,5,1,580
46841,2024-05-27 23:39:08,0,2,1,206
29898,2024-05-27 23:56:55,0,8,1,548
59954,2024-05-27 23:58:18,1,4,0,0
76274,2024-05-27 23:59:01,0,6,0,0
77029,2024-05-28 00:19:28,1,4,0,0
22592,2024-05-28 01:01:09,0,5,0,0
13229,2024-05-28 01:16:52,0,10,1,427
33250,2024-05-28 01:18:09,0,5,1,307
79943,2024-05-28 01:19:01,0,5,1,210
93180,2024-05-28 01:52:01,0,3,1,210
66691,2024-05-28 01:52:56,0,4,0,0
99332,2024-05-28 01:56:41,0,5,1,203
50753,2024-05-28 02:16:26,1,9,1,620
4366,2024-05-28 03:20:58,0,8,1,344
49199,2024-05-28 03:58:25,0,3,1,305
74038,2024-05-28 04:06:33,1,11,0,0
25568,2024-05-28 04:47:51,0,4,0,0
13325,2024-05-28 05:23:15,0,7,0,0
18637,2024-05-28 05:41:38,0,7,0,0
31314,2024-05-28 05:45:26,0,3,0,0
81243,2024-05-28 05:54:10,0,6,0,0
58694,2024-05-28 06:31:01,0,4,1,414
77532,2024-05-28 06:32:41,0,3,1,235
13402,2024-05-28 07:28:18,0,6,0,0
98170,2024-05-28 07:46:36,0,3,0,0
42665,2024-05-28 07:57:49,0,4,0,0
3330,2024-05-28 08:07:15,1,4,1,373
37973,2024-05-28 08:12:12,0,5,0,0
94324,2024-05-28 08:23:43,0,5,0,0
33385,2024-05-28 08:32:23,0,6,1,260
69035,2024-05-28 08:36:59,0,4,0,0
15182,2024-05-28 09:06:41,1,7,0,0
74792,2024-05-28 09:07:32,0,10,0,0
23840,2024-05-28 09:07:40,0,8,0,0
52784,2024-05-28 09:20:03,0,6,0,0
74418,2024-05-28 09:42:42,1,12,0,0
12525,2024-05-28 10:01:27,1,5,1,279
50967,2024-05-28 10:28:46,0,8,1,339
60652,2024-05-28 10:37:59,1,5,1,182
46323,2024-05-28 11:04:09,1,5,0,0
65362,2024-05-28 11:12:46,0,4,0,0
34354,2024-05-28 11:14:53,1,7,0,0
87900,2024-05-28 11:17:33,0,5,0,0
3375,2024-05-28 11:25:38,0,7,0,0
6558,2024-05-28 11:34:02,0,6,1,311
81288,2024-05-28 11:50:43,1,6,1,304
90756,2024-05-28 12:03:37,1,10,1,312
27342,2024-05-28 12:04:38,1,7,0,0
16586,2024-05-28 12:10:20,0,11,0,0
57824,2024-05-28 12:17:14,1,4,0,0
24921,2024-05-28 12:18:49,0,5,1,534
98166,2024-05-28 12:19:01,0,6,1,369
61355,2024-05-28 12:22:42,0,8,0,0
38277,2024-05-28 12:40:02,0,5,0,0
30148,2024-05-28 12:42:23,0,2,0,0
89509,2024-05-28 12:59:01,0,12,0,0
16586,2024-05-28 13:07:20,0,9,1,249
98166,2024-05-28 13:23:01,0,8,0,0
18637,2024-05-28 13:31:12,1,4,0,0
59217,2024-05-28 13:33:22,1,3,1,339
55806,2024-05-28 13:37:44,0,9,0,0
93759,2024-05-28 13:41:39,0,12,0,0
64122,2024-05-28 13:50:24,1,5,1,702
8339,2024-05-28 13:50:36,0,6,1,279
52893,2024-05-28 13:50:47,1,3,0,0
61420,2024-05-28 13:53:23,0,9,0,0
15720,2024-05-28 13:54:39,0,2,1,333
64664,2024-05-28 14:08:47,0,9,0,0
93759,2024-05-28 14:17:31,1,9,0,0
87757,2024-05-28 14:21:24,0,6,1,184
96973,2024-05-28 14:37:00,1,6,0,0
603,2024-05-28 14:39:39,0,6,1,548
61862,2024-05-28 14:44:02,0,5,0,0
35486,2024-05-28 15:05:53,1,5,0,0
88652,2024-05-28 15:32:41,0,6,0,0
6389,2024-05-28 15:33:53,1,5,0,0
33019,2024-05-28 15:35:57,0,4,0,0
33213,2024-05-28 15:37:24,0,6,1,317
88837,2024-05-28 16:25:19,0,8,1,291
26054,2024-05-28 16:29:50,1,3,1,226
33596,2024-05-28 16:29:54,0,11,0,0
27974,2024-05-28 16:34:36,1,7,0,0
60167,2024-05-28 16:54:10,1,5,0,0
59005,2024-05-28 17:03:10,1,2,0,0
38463,2024-05-28 17:05:08,1,5,1,216
35682,2024-05-28 17:05:44,1,7,0,0
43984,2024-05-28 17:08:10,1,10,0,0
93203,2024-05-28 17:13:19,0,3,0,0
93167,2024-05-28 17:15:32,0,5,1,395
97081,2024-05-28 17:18:38,1,7,0,0
36572,2024-05-28 17:46:07,0,6,0,0
64038,2024-05-28 18:01:28,0,10,0,0
7936,2024-05-28 18:03:22,1,8,0,0
15263,2024-05-28 18:03:36,0,4,0,0
72522,2024-05-28 18:05:57,0,7,1,374
88273,2024-05-28 18:08:10,0,4,1,349
50470,2024-05-28 18:46:07,0,8,1,264
95986,2024-05-28 18:46:54,1,7,0,0
46342,2024-05-28 19:00:12,1,9,1,368
29081,2024-05-28 19:11:05,1,7,1,285
8367,2024-05-28 19:11:37,0,4,0,0
52705,2024-05-28 19:26:31,0,9,0,0
63775,2024-05-28 19:32:16,1,5,0,0
52501,2024-05-28 19:36:26,1,4,1,370
91017,2024-05-28 19:37:54,0,4,1,348
85234,2024-05-28 19:49:34,0,7,0,0
96693,2024-05-28 19:51:52,0,2,0,0
40072,2024-05-28 19:53:11,1,9,1,345
14822,2024-05-28 20:06:13,1,5,0,0
93167,2024-05-28 20:09:04,0,6,0,0
39696,2024-05-28 20:09:12,1,5,0,0
75320,2024-05-28 20:20:21,0,4,0,0
88009,2024-05-28 20:21:32,1,0,0,0
15139,2024-05-28 20:45:26,0,7,0,0
32212,2024-05-28 20:49:23,1,9,1,383
34249,2024-05-28 21:12:28,0,5,1,522
27318,2024-05-28 21:20:37,1,6,0,0
81358,2024-05-28 21:22:47,1,7,0,0
21933,2024-05-28 21:28:27,0,7,0,0
49973,2024-05-28 21:35:50,0,6,0,0
79159,2024-05-28 21:46:26,0,2,0,0
40240,2024-05-28 21:49:09,0,4,0,0
86147,2024-05-28 21:57:50,1,8,1,246
85640,2024-05-28 22:01:07,0,4,0,0
74770,2024-05-28 22:02:54,0,6,0,0
88009,2024-05-28 22:17:08,1,3,1,168
940,2024-05-28 22:18:05,0,10,0,0
36252,2024-05-28 22:19:11,0,6,1,175
57128,2024-05-28 22:53:41,0,4,0,0
60203,2024-05-28 23:03:48,0,7,0,0
66599,2024-05-28 23:06:42,1,7,1,564
34197,2024-05-28 23:09:42,1,10,0,0
61508,2024-05-28 23:14:35,1,6,1,209
38118,2024-05-28 23:20:23,0,4,1,243
9968,2024-05-28 23:21:41,1,7,1,394
41324,2024-05-28 23:28:59,0,5,0,0
28212,2024-05-28 23:43:08,0,3,1,317
89061,2024-05-28 23:50:44,1,5,1,353
18952,2024-05-28 23:54:09,0,4,1,221
54230,2024-05-29 00:12:53,0,7,1,448
1010,2024-05-29 00:15:10,0,8,0,0
44875,2024-05-29 00:17:21,0,10,0,0
74796,2024-05-29 00:40:09,0,6,0,0
20284,2024-05-29 00:46:14,0,5,0,0
13811,2024-05-29 00:57:51,0,5,0,0
10995,2024-05-29 01:05:18,0,1,0,0
6193,2024-05-29 01:07:37,0,7,0,0
51082,2024-05-29 01:10:27,0,7,0,0
83298,2024-05-29 01:13:28,0,5,0,0
60242,2024-05-29 01:17:04,1,3,0,0
15574,2024-05-29 01:40:10,0,9,0,0
73302,2024-05-29 01:47:37,0,7,0,0
12525,2024-05-29 02:18:21,0,4,1,156
21836,2024-05-29 02:52:29,0,6,0,0
43984,2024-05-29 03:46:03,0,2,0,0
61325,2024-05-29 04:20:21,0,6,1,540
85827,2024-05-29 04:51:05,0,7,1,298
93652,2024-05-29 05:43:40,0,12,1,205
8778,2024-05-29 05:44:35,1,2,0,0
27318,2024-05-29 06:01:59,0,7,1,419
15460,2024-05-29 06:02:27,0,11,1,289
78110,2024-05-29 06:03:29,1,9,0,0
6659,2024-05-29 06:08:17,0,11,0,0
490,2024-05-29 06:23:06,0,8,0,0
39441,2024-05-29 06:55:43,0,5,0,0
65694,2024-05-29 07:05:41,0,5,0,0
75963,2024-05-29 07:11:18,1,7,1,724
65362,2024-05-29 07:17:31,1,8,0,0
85730,2024-05-29 07:55:54,0,7,0,0
31314,2024-05-29 08:01:18,1,1,0,0
20248,2024-05-29 08:16:39,1,4,1,742
69292,2024-05-29 08:56:14,1,4,1,172
58196,2024-05-29 09:10:28,1,10,0,0
98736,2024-05-29 09:15:15,0,5,0,0
51402,2024-05-29 09:23:02,1,13,1,458
76004,2024-05-29 09:23:11,0,10,1,159
40289,2024-05-29 09:42:49,0,5,0,0
30395,2024-05-29 10:00:41,1,4,0,0
52613,2024-05-29 10:08:35,0,6,1,545
18641,2024-05-29 10:10:25,1,2,1,211
5227,2024-05-29 10:11:00,0,7,0,0
64011,2024-05-29 10:28:17,0,11,0,0
33955,2024-05-29 10:32:56,0,3,0,0
5763,2024-05-29 10:58:12,0,9,1,314
64664,2024-05-29 11:14:44,1,7,0,0
57290,2024-05-29 11:22:15,0,8,0,0
56219,2024-05-29 11:29:47,0,6,0,0
52769,2024-05-29 11:30:38,1,4,0,0
38750,2024-05-29 11:47:04,1,9,0,0
32375,2024-05-29 11:49:21,0,5,0,0
94324,2024-05-29 12:08:12,0,8,0,0
9728,2024-05-29 12:21:14,1,6,1,331
49561,2024-05-29 12:31:17,0,2,1,435
65868,2024-05-29 12:32:51,0,8,0,0
30223,2024-05-29 12:41:53,0,9,0,0
22790,2024-05-29 13:04:08,0,3,0,0
3327,2024-05-29 13:11:15,1,4,0,0
94926,2024-05-29 13:17:28,0,6,1,730
5226,2024-05-29 13:20:51,0,5,0,0
90756,2024-05-29 13:22:27,0,5,1,342
13067,2024-05-29 13:33:29,1,0,0,0
63008,2024-05-29 13:35:14,1,5,0,0
87341,2024-05-29 13:35:53,0,4,0,0
96298,2024-05-29 13:50:25,0,4,0,0
5520,2024-05-29 14:08:49,0,5,1,303
95986,2024-05-29 14:10:42,0,7,0,0
38963,2024-05-29 14:16:11,1,9,0,0
17844,2024-05-29 14:39:19,0,7,1,268
17072,2024-05-29 14:47:00,1,7,0,0
27318,2024-05-29 14:53:43,0,10,0,0
44367,2024-05-29 14:54:11,0,7,0,0
13402,2024-05-29 14:55:46,0,2,0,0
21584,2024-05-29 15:00:23,1,9,1,474
59194,2024-05-29 15:00:51,0,6,1,306
5763,2024-05-29 15:04:12,1,5,0,0
54959,2024-05-29 15:04:50,1,2,1,234
90915,2024-05-29 15:06:35,1,5,0,0
74046,2024-05-29 15:07:22,0,4,1,594
44094,2024-05-29 15:14:34,0,8,1,185
24483,2024-05-29 15:17:20,1,6,0,0
57271,2024-05-29 15:22:57,1,3,0,0
58329,2024-05-29 15:44:55,0,2,0,0
79613,2024-05-29 15:57:59,1,5,0,0
52156,2024-05-29 16:06:28,0,6,0,0
38614,2024-05-29 16:19:41,0,5,0,0
8238,2024-05-29 16:24:58,0,7,0,0
55892,2024-05-29 16:25:57,0,8,0,0
12359,2024-05-29 16:28:21,0,5,0,0
30360,2024-05-29 16:32:40,0,3,1,255
34249,2024-05-29 16:34:13,1,5,0,0
56265,2024-05-29 16:40:12,0,5,1,311
70231,2024-05-29 16:54:13,0,8,0,0
75672,2024-05-29 17:02:34,0,10,0,0
85379,2024-05-29 17:17:30,0,7,0,0
92724,2024-05-29 17:25:12,0,5,0,0
27422,2024-05-29 17:25:18,0,7,1,280
39696,2024-05-29 17:25:30,0,10,0,0
15135,2024-05-29 17:35:38,0,7,0,0
9298,2024-05-29 17:52:21,0,9,0,0
85640,2024-05-29 17:55:15,1,8,0,0
28681,2024-05-29 18:05:15,1,10,0,0
21940,2024-05-29 18:07:30,0,3,1,780
36541,2024-05-29 18:15:34,0,7,0,0
98080,2024-05-29 18:20:35,1,7,0,0
54347,2024-05-29 18:24:01,0,5,0,0
57082,2024-05-29 18:32:26,1,7,0,0
64775,2024-05-29 18:57:36,0,8,1,321
39441,2024-05-29 18:58:07,0,8,0,0
24996,2024-05-29 19:15:34,0,4,0,0
44194,2024-05-29 19:18:10,0,3,0,0
54230,2024-05-29 19:21:10,1,5,0,0
2720,2024-05-29 19:37:43,0,4,0,0
17804,2024-05-29 20:10:54,1,4,0,0
89286,2024-05-29 20:13:52,0,8,1,192
70222,2024-05-29 20:15:15,1,5,0,0
2954,2024-05-29 20:29:07,1,4,1,324
65180,2024-05-29 20:32:36,0,6,0,0
67448,2024-05-29 20:34:48,1,1,1,156
76706,2024-05-29 20:47:05,0,5,0,0
88727,2024-05-29 20:54:30,0,3,0,0
30360,2024-05-29 20:55:12,0,4,0,0
69352,2024-05-29 21:04:09,0,7,0,0
18268,2024-05-29 21:06:50,1,9,0,0
57029,2024-05-29 21:11:06,0,6,0,0
94902,2024-05-29 21:12:23,1,7,1,317
38246,2024-05-29 21:20:16,0,11,1,303
19319,2024-05-29 21:26:40,0,5,0,0
1088,2024-05-29 21:38:16,1,10,1,174
52784,2024-05-29 21:45:30,0,4,0,0
34382,2024-05-29 21:47:16,1,4,0,0
53683,2024-05-29 21:52:42,1,9,0,0
54835,2024-05-29 21:56:28,1,5,0,0
1676,2024-05-29 21:59:46,1,2,0,0
36522,2024-05-29 22:09:18,0,5,0,0
2720,2024-05-29 22:10:59,0,8,0,0
78107,2024-05-29 22:22:31,0,0,0,0
88652,2024-05-29 22:25:48,0,3,1,220
40366,2024-05-29 22:29:21,1,3,1,214
15275,2024-05-29 22:33:03,1,3,0,0
63302,2024-05-29 22:38:28,0,5,0,0
29898,2024-05-29 23:01:04,0,6,0,0
67917,2024-05-29 23:06:14,0,7,1,331
28681,2024-05-29 23:11:30,1,5,0,0
15275,2024-05-29 23:24:49,0,4,0,0
17869,2024-05-29 23:28:14,0,7,0,0
20248,2024-05-29 23:36:28,0,9,0,0
57029,2024-05-29 23:41:17,0,3,1,224
39889,2024-05-29 23:47:04,0,8,0,0
69448,2024-05-29 23:57:32,1,5,1,433
18290,2024-05-30 00:02:22,1,5,0,0
64011,2024-05-30 00:18:13,0,7,1,184
76004,2024-05-30 00:20:47,0,3,0,0
34197,2024-05-30 00:27:52,1,5,0,0
21584,2024-05-30 00:30:34,1,6,0,0
36311,2024-05-30 00:40:18,0,7,0,0
10723,2024-05-30 00:57:39,0,7,0,0
17869,2024-05-30 01:13:26,1,10,0,0
33873,2024-05-30 01:28:29,0,8,1,489
50018,2024-05-30 01:30:56,1,9,0,0
20284,2024-05-30 02:05:39,0,6,1,461
59993,2024-05-30 02:30:20,0,5,0,0
8194,2024-05-30 02:32:39,0,7,1,397
6537,2024-05-30 02:59:46,0,8,0,0
44534,2024-05-30 03:11:35,0,5,0,0
3330,2024-05-30 03:24:18,0,9,1,209
27540,2024-05-30 03:29:03,0,4,0,0
90753,2024-05-30 03:40:21,0,7,1,448
57271,2024-05-30 03:45:18,0,11,0,0
75380,2024-05-30 04:03:44,0,7,1,254
53947,2024-05-30 04:38:38,1,8,1,323
10213,2024-05-30 04:53:00,0,6,0,0
10166,2024-05-30 05:01:01,0,7,0,0
48399,2024-05-30 05:55:35,0,7,0,0
947,2024-05-30 06:13:03,0,5,0,0
62770,2024-05-30 06:15:14,0,5,1,419
78110,2024-05-30 06:44:18,0,10,0,0
27422,2024-05-30 07:02:18,0,12,0,0
20681,2024-05-30 07:05:04,0,6,0,0
75672,2024-05-30 07:41:23,0,6,1,269
90049,2024-05-30 07:54:54,0,5,1,264
1963,2024-05-30 08:06:27,1,6,0,0
5407,2024-05-30 08:07:14,0,7,0,0
59691,2024-05-30 08:17:11,0,7,0,0
15139,2024-05-30 08:22:47,0,8,0,0
55806,2024-05-30 08:26:17,1,8,0,0
82478,2024-05-30 08:27:27,0,6,1,159
20712,2024-05-30 08:50:04,1,6,1,335
92802,2024-05-30 09:00:51,0,6,0,0
32134,2024-05-30 09:04:05,1,7,0,0
40470,2024-05-30 09:28:15,1,12,1,267
55714,2024-05-30 09:30:41,0,6,1,195
2447,2024-05-30 10:01:33,1,9,0,0
94611,2024-05-30 10:29:36,0,7,0,0
29081,2024-05-30 10:30:51,0,2,0,0
49147,2024-05-30 10:50:34,1,6,0,0
6528,2024-05-30 10:59:00,0,5,0,0
40403,2024-05-30 11:01:04,1,11,1,347
39496,2024-05-30 11:11:54,0,4,0,0
78746,2024-05-30 11:14:25,0,4,0,0
2818,2024-05-30 11:17:23,0,4,1,399
35543,2024-05-30 11:21:27,1,9,1,471
17637,2024-05-30 11:26:41,0,5,0,0
97081,2024-05-30 11:31:46,0,5,0,0
62820,2024-05-30 11:44:43,0,4,0,0
41287,2024-05-30 11:46:04,0,5,0,0
92284,2024-05-30 12:17:11,1,6,0,0
66830,2024-05-30 12:35:41,0,9,0,0
72134,2024-05-30 12:43:33,1,8,0,0
66658,2024-05-30 12:50:02,0,5,0,0
11260,2024-05-30 12:52:01,0,3,1,367
24835,2024-05-30 13:06:59,1,5,0,0
88091,2024-05-30 13:13:35,0,2,1,285
97081,2024-05-30 13:22:13,0,7,0,0
84211,2024-05-30 13:24:44,0,7,1,264
42034,2024-05-30 13:32:10,1,3,0,0
48819,2024-05-30 14:06:22,0,6,1,202
12004,2024-05-30 14:20:02,0,9,0,0
21940,2024-05-30 14:24:30,0,5,1,348
9821,2024-05-30 14:26:05,0,5,0,0
38614,2024-05-30 14:28:39,1,4,1,358
36133,2024-05-30 14:33:37,0,4,0,0
88273,2024-05-30 14:41:33,1,5,0,0
27966,2024-05-30 14:43:30,0,6,0,0
69883,2024-05-30 14:45:52,0,10,1,301
65474,2024-05-30 14:45:54,0,8,1,199
17015,2024-05-30 15:11:35,0,9,0,0
5908,2024-05-30 15:20:11,0,7,0,0
21518,2024-05-30 15:48:42,0,9,0,0
75380,2024-05-30 15:53:53,0,7,0,0
3482,2024-05-30 16:01:44,1,7,1,379
13811,2024-05-30 16:06:06,0,8,0,0
22788,2024-05-30 16:08:34,0,5,0,0
88540,2024-05-30 16:14:41,0,5,1,205
92586,2024-05-30 16:24:26,0,5,1,328
95682,2024-05-30 16:52:36,0,2,0,0
7496,2024-05-30 16:53:34,1,3,0,0
41287,2024-05-30 17:03:59,0,5,1,157
26091,2024-05-30 17:15:43,0,8,0,0
22157,2024-05-30 17:28:40,0,8,0,0
40713,2024-05-30 17:41:19,0,8,0,0
43311,2024-05-30 17:52:06,1,1,0,0
66599,2024-05-30 17:53:52,1,4,0,0
64122,2024-05-30 17:55:05,0,5,0,0
64831,2024-05-30 18:14:30,0,4,1,459
87341,2024-05-30 18:15:05,0,10,0,0
46957,2024-05-30 18:18:06,0,5,0,0
12796,2024-05-30 18:29:56,0,5,1,524
21941,2024-05-30 18:31:27,0,9,0,0
98080,2024-05-30 18:32:09,1,7,1,374
45070,2024-05-30 18:59:29,0,6,1,399
1379,2024-05-30 18:59:40,1,12,1,304
32134,2024-05-30 19:21:38,0,5,0,0
89497,2024-05-30 19:24:54,0,14,0,0
82818,2024-05-30 19:35:05,0,6,0,0
64796,2024-05-30 19:35:42,1,5,0,0
79194,2024-05-30 20:20:38,0,9,0,0
25636,2024-05-30 20:24:15,0,6,0,0
20712,2024-05-30 20:30:14,0,5,1,293
76455,2024-05-30 20:41:12,0,7,0,0
65868,2024-05-30 20:44:07,0,4,0,0
61983,2024-05-30 20:51:38,0,2,0,0
66599,2024-05-30 21:00:02,0,3,1,328
67542,2024-05-30 21:08:12,0,2,0,0
22173,2024-05-30 21:13:44,0,6,1,310
5052,2024-05-30 21:17:32,1,6,0,0
11012,2024-05-30 21:19:28,0,7,0,0
42405,2024-05-30 21:26:59,0,4,1,203
98073,2024-05-30 21:37:08,0,5,0,0
6558,2024-05-30 21:53:41,1,5,0,0
22788,2024-05-30 21:53:55,1,4,0,0
52784,2024-05-30 22:01:19,0,4,0,0
68804,2024-05-30 22:10:18,1,5,0,0
52716,2024-05-30 22:11:22,0,6,0,0
98080,2024-05-30 22:23:22,0,5,0,0
73192,2024-05-30 22:24:23,0,4,0,0
87403,2024-05-30 22:43:09,1,9,0,0
42028,2024-05-30 22:56:03,0,2,0,0
9153,2024-05-30 22:56:07,0,6,0,0
55539,2024-05-30 23:20:31,0,7,1,490
77524,2024-05-30 23:45:11,0,8,0,0
17844,2024-05-30 23:54:14,0,3,0,0
14333,2024-05-31 00:17:09,0,4,0,0
17844,2024-05-31 00:24:05,0,5,1,154
9557,2024-05-31 00:24:57,0,4,0,0
44303,2024-05-31 00:26:01,1,6,0,0
45089,2024-05-31 00:35:58,0,4,0,0
29363,2024-05-31 00:41:07,0,9,0,0
23389,2024-05-31 00:45:53,0,7,0,0
18731,2024-05-31 00:57:48,0,6,1,225
88905,2024-05-31 01:14:39,1,6,0,0
40713,2024-05-31 01:49:56,0,10,1,544
89345,2024-05-31 01:57:03,0,7,1,297
21518,2024-05-31 02:08:59,0,2,0,0
34006,2024-05-31 02:13:32,0,6,0,0
73204,2024-05-31 02:16:12,0,8,1,214
19648,2024-05-31 02:37:16,1,2,0,0
25568,2024-05-31 02:38:46,0,5,1,340
32913,2024-05-31 02:56:57,0,4,1,363
31445,2024-05-31 03:13:10,1,6,0,0
12454,2024-05-31 03:54:25,0,4,0,0
95682,2024-05-31 03:56:36,0,7,1,311
57761,2024-05-31 04:14:41,1,6,0,0
65362,2024-05-31 04:14:44,0,11,0,0
88540,2024-05-31 04:26:37,0,6,0,0
52031,2024-05-31 05:01:25,1,12,0,0
83556,2024-05-31 05:09:37,0,6,0,0
63198,2024-05-31 05:21:17,0,4,1,340
7496,2024-05-31 06:06:34,0,8,1,415
895,2024-05-31 06:26:09,0,6,1,303
83556,2024-05-31 06:48:21,1,5,0,0
6584,2024-05-31 07:02:56,1,3,1,200
19947,2024-05-31 07:11:25,1,7,0,0
68889,2024-05-31 07:14:53,1,5,0,0
49973,2024-05-31 07:39:03,1,7,0,0
3341,2024-05-31 07:59:46,1,4,0,0
17378,2024-05-31 08:03:25,0,8,0,0
40713,2024-05-31 08:09:40,0,4,0,0
69521,2024-05-31 08:11:30,0,1,0,0
90756,2024-05-31 08:14:04,0,9,1,335
93432,2024-05-31 08:21:34,0,7,1,291
29363,2024-05-31 08:28:36,0,12,0,0
40622,2024-05-31 08:32:35,0,6,0,0
28778,2024-05-31 08:34:38,0,5,0,0
13464,2024-05-31 08:39:21,0,6,0,0
88652,2024-05-31 08:41:08,0,7,0,0
67804,2024-05-31 08:44:26,0,2,0,0
57824,2024-05-31 08:45:18,0,7,1,273
79943,2024-05-31 08:55:39,0,3,0,0
34457,2024-05-31 09:08:09,0,8,0,0
1979,2024-05-31 09:17:56,0,5,0,0
12914,2024-05-31 09:21:43,0,3,1,241
46672,2024-05-31 09:23:58,1,8,1,248
63852,2024-05-31 09:34:37,0,11,0,0
50649,2024-05-31 09:39:43,0,6,0,0
41082,2024-05-31 09:54:57,0,6,0,0
25661,2024-05-31 10:09:59,1,8,1,577
90753,2024-05-31 10:20:07,0,7,1,476
69035,2024-05-31 10:23:36,0,6,1,322
60166,2024-05-31 10:30:11,1,6,0,0
92248,2024-05-31 10:30:20,1,9,0,0
29589,2024-05-31 10:41:08,0,5,0,0
63198,2024-05-31 10:56:28,1,4,1,254
5227,2024-05-31 11:06:41,0,6,0,0
8135,2024-05-31 11:09:16,1,5,0,0
1979,2024-05-31 11:11:39,1,4,0,0
20248,2024-05-31 11:13:59,0,6,1,217
63707,2024-05-31 11:19:10,0,6,1,264
84471,2024-05-31 11:20:07,0,9,0,0
11260,2024-05-31 11:33:37,1,5,1,391
13229,2024-05-31 12:01:54,1,4,0,0
7233,2024-05-31 12:09:13,0,2,0,0
80700,2024-05-31 12:15:55,1,9,1,343
65694,2024-05-31 12:19:53,1,7,0,0
37973,2024-05-31 12:27:37,0,3,0,0
48849,2024-05-31 12:30:41,1,4,0,0
60689,2024-05-31 12:33:18,0,5,0,0
82205,2024-05-31 12:41:52,1,5,1,271
94302,2024-05-31 12:47:55,0,8,0,0
31445,2024-05-31 12:48:35,0,3,0,0
29094,2024-05-31 13:02:19,1,7,0,0
22442,2024-05-31 13:03:28,0,5,0,0
22442,2024-05-31 13:04:46,1,7,1,346
48258,2024-05-31 13:08:36,0,10,0,0
85626,2024-05-31 13:09:03,0,8,0,0
79093,2024-05-31 13:17:34,1,4,0,0
23648,2024-05-31 13:20:17,0,5,0,0
42405,2024-05-31 13:26:09,0,10,0,0
36252,2024-05-31 13:27:26,0,6,1,256
57397,2024-05-31 13:27:43,0,3,0,0
41310,2024-05-31 13:34:14,1,4,1,176
30148,2024-05-31 13:36:59,0,8,1,212
17691,2024-05-31 13:38:06,0,7,0,0
43202,2024-05-31 13:46:31,0,8,1,393
33035,2024-05-31 13:57:29,0,6,1,346
65308,2024-05-31 14:17:40,0,13,0,0
91465,2024-05-31 14:42:50,1,7,0,0
52552,2024-05-31 14:47:59,0,3,1,282
12796,2024-05-31 15:08:20,0,11,0,0
38002,2024-05-31 15:12:28,1,7,0,0
92906,2024-05-31 15:14:14,0,4,0,0
66545,2024-05-31 15:24:07,1,7,1,383
24817,2024-05-31 15:26:32,1,6,0,0
13849,2024-05-31 15:34:28,0,3,1,240
96343,2024-05-31 15:39:33,1,4,0,0
43311,2024-05-31 15:43:05,0,2,1,187
26774,2024-05-31 15:46:55,0,5,0,0
34154,2024-05-31 15:50:42,0,7,1,309
42810,2024-05-31 15:53:44,0,3,0,0
66236,2024-05-31 15:54:28,0,1,0,0
60242,2024-05-31 16:05:35,1,4,0,0
11853,2024-05-31 16:06:42,0,7,0,0
75320,2024-05-31 16:09:24,0,5,1,187
55806,2024-05-31 16:09:36,0,4,1,302
62820,2024-05-31 16:13:16,1,6,0,0
66599,2024-05-31 16:24:20,1,8,0,0
19412,2024-05-31 16:25:57,0,9,1,292
62770,2024-05-31 16:26:23,0,8,0,0
96343,2024-05-31 16:35:51,1,2,0,0
35891,2024-05-31 16:40:02,0,7,0,0
85364,2024-05-31 16:51:12,0,6,1,489
39715,2024-05-31 16:58:00,0,6,1,201
60652,2024-05-31 17:03:38,0,7,1,353
42997,2024-05-31 17:13:30,0,3,0,0
18283,2024-05-31 17:20:54,1,4,0,0
12359,2024-05-31 18:20:53,0,8,1,366
12525,2024-05-31 18:25:55,0,10,1,183
35543,2024-05-31 19:20:52,0,4,0,0
6558,2024-05-31 19:28:10,0,1,0,0
48258,2024-05-31 19:29:29,0,5,1,183
68499,2024-05-31 19:36:20,0,10,0,0
38133,2024-05-31 19:43:14,0,7,0,0
67448,2024-05-31 19:43:27,0,3,1,232
46767,2024-05-31 19:44:02,0,5,0,0
72446,2024-05-31 19:45:09,0,6,1,468
2373,2024-05-31 19:48:26,1,4,0,0
8194,2024-05-31 20:05:09,0,7,1,270
84003,2024-05-31 20:16:23,1,4,1,263
46841,2024-05-31 20:24:23,0,5,0,0
49379,2024-05-31 20:26:35,0,5,0,0
64122,2024-05-31 20:34:58,0,7,0,0
12796,2024-05-31 20:37:25,0,4,0,0
74046,2024-05-31 20:46:38,1,4,0,0
16552,2024-05-31 20:51:13,0,7,0,0
36022,2024-05-31 21:05:34,1,7,0,0
66599,2024-05-31 21:06:42,1,7,1,328
44592,2024-05-31 21:11:49,0,5,0,0
46574,2024-05-31 21:30:40,0,9,0,0
88540,2024-05-31 21:34:01,0,7,1,179
36362,2024-05-31 21:43:14,0,5,0,0
66354,2024-05-31 22:06:33,0,6,0,0
55539,2024-05-31 22:06:37,0,12,0,0
50018,2024-05-31 22:09:48,0,7,1,190
66599,2024-05-31 22:20:37,0,4,1,347
47564,2024-05-31 22:24:32,0,8,1,447
59037,2024-05-31 22:25:16,1,5,1,278
48819,2024-05-31 22:53:11,0,2,0,0
64011,2024-05-31 23:25:07,1,6,1,226
1979,2024-05-31 23:26:20,1,5,1,903
99346,2024-05-31 23:34:19,0,7,1,244
7233,2024-05-31 23:39:16,0,8,1,321
20374,2024-05-31 23:40:40,0,5,0,0
53215,2024-05-31 23:48:08,0,2,1,404
27318,2024-05-31 23:52:01,0,5,0,0
